-- Customers
CREATE TABLE Customers (
    CustomerID INT PRIMARY KEY,
    Name VARCHAR(255),
    Email VARCHAR(255),
    RegistrationDate DATE,
    Location VARCHAR(255)
);
DELETE FROM Customers;
-- Products
CREATE TABLE Products (
    ProductID INT PRIMARY KEY,
    Name VARCHAR(255),
    Category VARCHAR(255),
    Price DECIMAL(10, 2),
    SupplierID INT,
    StockQuantity INT,
    FOREIGN KEY (SupplierID) REFERENCES Suppliers(SupplierID)
);

-- Orders
CREATE TABLE Orders (
    OrderID INT PRIMARY KEY,
    CustomerID INT,
    OrderDate DATE,
    TotalAmount DECIMAL(10, 2),
    FOREIGN KEY (CustomerID) REFERENCES Customers(CustomerID)
);

-- OrderDetails
CREATE TABLE OrderDetails (
    OrderDetailID INT PRIMARY KEY,
    OrderID INT,
    ProductID INT,
    Quantity INT,
    UnitPrice DECIMAL(10, 2),
    FOREIGN KEY (OrderID) REFERENCES Orders(OrderID),
    FOREIGN KEY (ProductID) REFERENCES Products(ProductID)
);

-- Suppliers
CREATE TABLE Suppliers (
    SupplierID INT PRIMARY KEY,
    Name VARCHAR(255),
    ContactInfo VARCHAR(255),
    ProductType VARCHAR(255)
);
DELETE FROM Suppliers;

---InsertCustomers
SELECT * FROM customers
INSERT INTO customers(CustomerID, Name, Email, RegistrationDate, Location) VALUES
('1', 'Jeffrey Brown', 'stewartbrittany@yahoo.com', '2021/07/10', 'Christopherside'),
('2', 'Jane Lopez', 'jhowe@sanders.com', '2019/09/28', 'North Nathaniel'),
('3', 'Stephen Lane', 'robinsonsarah@gmail.com', '2019/09/27', 'Port Isaacborough'),
('4', 'Amy Roberts', 'stacy72@gmail.com', '2023/07/18', 'Brendatown'),
('5', 'Heidi Kemp', 'ericadavis@gmail.com', '2022/12/14', 'East Daniel'),
('6', 'Christopher Gonzalez', 'bradyjohnny@hotmail.com', '2023/11/26', 'Williamsberg'),
('7', 'Brenda Pearson', 'rollinsronnie@hotmail.com', '2021/11/14', 'Port Joseph'),
('8', 'Colleen White DVM', 'zwang@hotmail.com', '2021/10/19', 'South Keithmouth'),
('9', 'Olivia Peters', 'victoria59@sherman.info', '2021/04/13', 'North Kenneth'),
('10', 'Mark Santiago', 'iodom@johnson-snow.org', '2023/07/25', 'Port Lisaville'),
('11', 'Willie Rowe', 'kenneth60@whitney.com', '2022/02/07', 'South Robert'),
('12', 'Gregory Henderson', 'emmaboyle@martinez.info', '2021/01/31', 'North Kevin'),
('13', 'Bryan Vargas', 'joy56@gmail.com', '2023/04/24', 'Port Bruce'),
('14', 'Jessica Fitzgerald', 'eric08@yahoo.com', '2021/05/07', 'Hendricksfurt'),
('15', 'Heather Kelley', 'yvettebriggs@jones-york.com', '2021/05/05', 'West Veronica'),
('16', 'Keith Hoover', 'sean86@yahoo.com', '2021/03/05', 'Lindafort'),
('17', 'Jennifer Aguilar', 'ronaldosborne@gmail.com', '2023/10/19', 'Timothymouth'),
('18', 'William Daniels', 'jasmine24@yahoo.com', '2022/01/22', 'Robersonville'),
('19', 'Chris Harmon', 'baxterjasmine@yahoo.com', '2019/12/11', 'New Royfort'),
('20', 'Bruce Hansen', 'tjones@reed.com', '2023/04/02', 'Pierceside'),
('21', 'Anne Gonzales', 'doylekevin@yahoo.com', '2021/07/11', 'West Carlos'),
('22', 'Shelley Curry', 'tracifoster@yahoo.com', '2022/07/20', 'Smithbury'),
('23', 'Kevin Vargas', 'gibsonjimmy@church.com', '2022/10/16', 'Rebeccaburgh'),
('24', 'Beth Reynolds', 'lisa68@park.com', '2022/05/24', 'Griffinmouth'),
('25', 'Austin Chapman', 'wheelerheather@jacobs.com', '2022/04/25', 'Kevinstad'),
('26', 'Keith Collins', 'srivas@yahoo.com', '2019/10/02', 'Lake Kendra'),
('27', 'Michael Smith', 'michael39@hotmail.com', '2020/07/03', 'West Taylorton'),
('28', 'Earl Mahoney', 'thomasstacie@gmail.com', '2021/10/30', 'Lunaside'),
('29', 'Philip Lopez', 'cristianrobinson@hotmail.com', '2019/05/07', 'West Jeffrey'),
('30', 'Regina Macdonald', 'davenportnancy@lewis.biz', '2023/07/26', 'East Michael'),
('31', 'Grant Jones DDS', 'kbrown@hotmail.com', '2022/11/09', 'South Kristen'),
('32', 'Steven Hancock', 'bwagner@hotmail.com', '2020/09/04', 'Matthewport'),
('33', 'Henry White', 'pcrawford@taylor-jackson.com', '2022/03/31', 'Curtisville'),
('34', 'Jillian Jackson', 'caitlin82@gmail.com', '2021/05/24', 'Richardstad'),
('35', 'Christopher Bryant', 'timothymartinez@king-diaz.com', '2021/12/18', 'Lisafort'),
('36', 'Charles Johnston', 'williamschristopher@yahoo.com', '2022/08/18', 'East Michael'),
('37', 'Emily Trevino', 'ross67@johnson.com', '2019/03/18', 'Danamouth'),
('38', 'Susan Scott', 'wheelerrodney@yahoo.com', '2022/12/08', 'Taylormouth'),
('39', 'Chad Liu', 'dana09@hotmail.com', '2022/10/21', 'East John'),
('40', 'Stephen Johnson', 'melanie64@foster.com', '2019/05/19', 'Leachview'),
('41', 'Wesley Powers', 'butlermary@cohen-sanders.com', '2023/07/02', 'South Evelynhaven'),
('42', 'Andrew Vega', 'wmaxwell@hotmail.com', '2021/12/04', 'Browningshire'),
('43', 'Joseph Donaldson', 'carla24@hotmail.com', '2023/01/02', 'Cruzshire'),
('44', 'Gabriel Nunez', 'seth25@yahoo.com', '2022/05/21', 'South Jenniferhaven'),
('45', 'Michele Torres', 'elizabethhoward@yahoo.com', '2022/08/14', 'Christinamouth'),
('46', 'Elizabeth Rodriguez', 'stacey09@hotmail.com', '2019/01/14', 'New Alexanderview'),
('47', 'Lisa Duran', 'robinsonbarbara@allen-nelson.com', '2020/02/27', 'Mccallville'),
('48', 'Joshua Cook', 'ocruz@burns.info', '2019/04/28', 'West Robertborough'),
('49', 'Susan Robertson', 'gentryrichard@hughes.info', '2020/07/05', 'Bradleyport'),
('50', 'Brittany Russell', 'nelsonanna@young.com', '2022/11/07', 'East Andrea'),
('51', 'Patricia Logan', 'andreamercado@cantrell.org', '2022/05/24', 'North Jessica'),
('52', 'Debra Gordon MD', 'mcdanielteresa@hotmail.com', '2019/02/15', 'New Heather'),
('53', 'Alan Fischer', 'rowedana@ramos-davis.com', '2021/10/21', 'New Brianna'),
('54', 'Randy Rice', 'sandra20@patel.com', '2019/10/24', 'West Kristaberg'),
('55', 'Jordan Cox', 'patrickmoore@wilson.com', '2019/05/19', 'Lake Erinborough'),
('56', 'Juan Willis', 'karenking@yahoo.com', '2023/09/02', 'Lake Seth'),
('57', 'Gwendolyn Nguyen', 'samuel59@adams.com', '2019/01/13', 'Hallport'),
('58', 'Tammy Lam', 'cynthiakennedy@campbell.com', '2023/03/05', 'West Christianmouth'),
('59', 'Danielle Rodriguez', 'charles93@henry.info', '2022/01/04', 'Johntown'),
('60', 'Mr. Nicholas Tucker', 'todddenise@yahoo.com', '2023/06/09', 'West Danielletown'),
('61', 'Mary Gaines', 'volson@gmail.com', '2021/03/01', 'East Paulstad'),
('62', 'Daniel Anderson', 'amandastewart@elliott.com', '2020/06/16', 'Cruzshire'),
('63', 'Bonnie Evans', 'vgarcia@hotmail.com', '2023/11/01', 'Lake Jeremiahberg'),
('64', 'Alexis Sullivan', 'parkerchristopher@hotmail.com', '2019/06/08', 'North Paigestad'),
('65', 'Adam Gordon', 'marybrewer@yahoo.com', '2020/06/06', 'Williamsberg'),
('66', 'Raymond Kane', 'randall31@yahoo.com', '2019/03/21', 'Lake Ricky'),
('67', 'Robert Fitzgerald', 'joseph11@hotmail.com', '2023/12/09', 'Lake Renee'),
('68', 'Kevin Ferguson', 'jennifermarks@gmail.com', '2020/12/07', 'South Dwayneshire'),
('69', 'James Hernandez', 'patrickwilliam@yahoo.com', '2023/09/13', 'North Reginahaven'),
('70', 'Jake Martin', 'laurenoliver@hotmail.com', '2021/08/28', 'Matthewhaven'),
('71', 'Mrs. Alyssa Davis', 'gibsonmadison@hotmail.com', '2020/04/24', 'West David'),
('72', 'Jeffrey Hoffman', 'christophervalencia@gmail.com', '2021/09/21', 'West Jamieport'),
('73', 'Donna Gibson', 'sgreen@gmail.com', '2022/08/29', 'Port Marie'),
('74', 'Joel Lewis', 'danavazquez@horn.com', '2020/02/03', 'Port Theresaport'),
('75', 'Mary Spencer', 'gregjuarez@yahoo.com', '2019/08/08', 'East Sara'),
('76', 'Jeffrey Frederick', 'kristin86@hotmail.com', '2020/02/11', 'Thomaschester'),
('77', 'April Garcia', 'ydean@chapman.biz', '2022/09/13', 'North Lisafort'),
('78', 'Glen Warner', 'brittanybarnes@hotmail.com', '2022/03/08', 'Melissatown'),
('79', 'Brandon George', 'charles64@yahoo.com', '2023/09/28', 'Robertside'),
('80', 'Jeremy Taylor', 'mbruce@martinez.com', '2020/05/07', 'Maciashaven'),
('81', 'Ashley Jarvis', 'hdavis@gmail.com', '2022/12/25', 'East Nicholas'),
('82', 'Claire Adams', 'joseph92@gmail.com', '2020/05/21', 'Sherylland'),
('83', 'Tina Delgado', 'williamsmith@johnson.com', '2021/10/17', 'West Cassandra'),
('84', 'Heather Hayes', 'jacob70@yahoo.com', '2023/03/07', 'Andersonberg'),
('85', 'Lauren Fields', 'oburns@carr-baker.com', '2023/05/21', 'Jonesport'),
('86', 'Lawrence Hill', 'hfranklin@wagner-gonzalez.org', '2020/05/30', 'Scottville'),
('87', 'Heather Collins', 'humphreyleon@hotmail.com', '2023/03/17', 'North Roseport'),
('88', 'Sherri Ramos', 'jamesstephens@richardson.com', '2023/11/05', 'South Faith'),
('89', 'David Hanna', 'april37@yahoo.com', '2021/03/21', 'Robertchester'),
('90', 'Michelle Rodgers', 'angelanorman@hotmail.com', '2023/11/01', 'Taylorport'),
('91', 'Erika Hunt', 'christinalarson@garcia-mendoza.biz', '2021/09/19', 'Lake Rebeccaview'),
('92', 'Jordan Reynolds', 'michelle87@gmail.com', '2021/09/21', 'Port Andrewburgh'),
('93', 'Timothy Wood', 'acarey@yahoo.com', '2019/01/05', 'Faulknerton'),
('94', 'Evan Smith', 'deborah97@murphy-cooper.com', '2023/08/18', 'Richardsonshire'),
('95', 'Monica Kim', 'nsalinas@pugh.com', '2021/05/22', 'Robertsmouth'),
('96', 'Christopher Turner', 'steven91@kent-espinoza.com', '2023/09/24', 'South Makaylaside'),
('97', 'Shirley Adams', 'smithchristopher@hotmail.com', '2020/05/09', 'Albertberg'),
('98', 'Laura Eaton', 'justin41@dillon.com', '2022/11/27', 'New Sarah'),
('99', 'Kelly Lowe', 'mevans@yahoo.com', '2020/07/17', 'Melodybury'),
('100', 'Matthew Johnson', 'kcollins@gmail.com', '2021/05/01', 'West Julie'),
('101', 'George Morales', 'desiree42@porter-allen.com', '2022/07/05', 'East Richardview'),
('102', 'Linda Fletcher', 'raymondkim@yahoo.com', '2023/09/14', 'New Michael'),
('103', 'Michelle Henson', 'danielmcdonald@delacruz.com', '2019/12/16', 'Port Shane'),
('104', 'Melissa Thompson', 'leejeremy@marquez.biz', '2019/11/19', 'Carrollfort'),
('105', 'Diana Jackson', 'luisowens@yahoo.com', '2022/08/19', 'Bakermouth'),
('106', 'Nancy Arias', 'jessica14@gardner.com', '2021/09/20', 'Caitlinbury'),
('107', 'Dawn Campbell', 'bgilbert@davis-fitzgerald.info', '2020/11/17', 'Port Glenn'),
('108', 'David Thompson', 'mitchellellison@gmail.com', '2019/10/11', 'Lake Frankhaven'),
('109', 'Jeffrey Best', 'jasmine96@cooper.com', '2022/06/10', 'Lake Kathymouth'),
('110', 'Jill Harris', 'amandacarpenter@gmail.com', '2019/08/11', 'Deanmouth'),
('111', 'Tonya Anderson', 'jacksonkevin@gmail.com', '2021/10/21', 'Jerryburgh'),
('112', 'Gloria Fox', 'ucalhoun@gmail.com', '2022/10/15', 'North Shannonhaven'),
('113', 'Robin Lindsey', 'christopher62@hill-walker.net', '2020/06/15', 'Davidton'),
('114', 'Johnny Castaneda', 'smithlaura@melton.com', '2019/12/10', 'East Robynstad'),
('115', 'Tammy Moore', 'hmitchell@keller-cole.com', '2022/02/20', 'West Lauraberg'),
('116', 'Rodney Ponce', 'smitchell@yahoo.com', '2019/02/06', 'New David'),
('117', 'John Nelson', 'yangantonio@gmail.com', '2021/01/31', 'West Danielle'),
('118', 'William Turner', 'laurie69@phillips-dickerson.net', '2020/12/30', 'North Jacob'),
('119', 'Cynthia Riley', 'rodney06@yahoo.com', '2019/11/18', 'North Andrewborough'),
('120', 'Melissa Powell', 'tracy50@riley-downs.com', '2020/08/20', 'Rodriguezchester'),
('121', 'Taylor Ward', 'nancymccarthy@hotmail.com', '2023/07/31', 'Markville'),
('122', 'Paul Anderson', 'tfrazier@gmail.com', '2019/09/29', 'New Craig'),
('123', 'Deanna Murphy', 'antoniodavis@yahoo.com', '2020/05/15', 'South Jacob'),
('124', 'Linda Giles', 'dominguezbrenda@sanchez.org', '2021/10/07', 'Rubenfurt'),
('125', 'Mrs. Lori Carson DVM', 'david36@yahoo.com', '2021/12/16', 'West Robert'),
('126', 'Sabrina Anderson', 'xwilson@yahoo.com', '2021/01/24', 'Lake Michaelshire'),
('127', 'Heidi Davis', 'lauragill@hotmail.com', '2023/08/23', 'South Michael'),
('128', 'Pamela Zimmerman', 'bradleyroger@miller.com', '2023/10/25', 'Acostaborough'),
('129', 'David Williams', 'tanya57@hotmail.com', '2019/06/26', 'Vaughanport'),
('130', 'Jenna Oconnor', 'william63@anderson.com', '2022/08/20', 'Garyport'),
('131', 'Melissa Conner', 'ihutchinson@yahoo.com', '2022/09/06', 'Gonzalezfurt'),
('132', 'David Ross', 'hlambert@yahoo.com', '2020/07/03', 'Ronniehaven'),
('133', 'Jennifer Sanchez', 'gregorywilliam@edwards.com', '2020/06/11', 'Wintersport'),
('134', 'Dr. Albert Barnes', 'qbuck@gmail.com', '2019/05/10', 'Scottchester'),
('135', 'Thomas Lopez', 'crystal34@christian-santos.com', '2021/06/21', 'Sloanhaven'),
('136', 'Angela Garcia', 'robertsonlaura@hotmail.com', '2021/06/25', 'Paigestad'),
('137', 'Julie Rollins', 'christine46@gmail.com', '2019/12/08', 'Lake Bryanberg'),
('138', 'Brittany Oconnell', 'whitneyscott@yahoo.com', '2023/08/09', 'Williamsbury'),
('139', 'Richard Collier DDS', 'mmoore@watts.com', '2023/10/21', 'South Jeremy'),
('140', 'Amanda Smith', 'caseleah@hotmail.com', '2022/10/04', 'New Ronaldside'),
('141', 'Jessica Bailey', 'christinagonzalez@bryant.info', '2020/10/30', 'Carrollmouth'),
('142', 'Tammy Smith', 'neallisa@yahoo.com', '2021/05/20', 'East Pamela'),
('143', 'Jessica Watkins', 'stephengraham@gibson.com', '2020/11/12', 'Robertsmouth'),
('144', 'Laura Taylor', 'weaverann@gmail.com', '2022/10/13', 'Connermouth'),
('145', 'Tamara Jones', 'ymartin@yahoo.com', '2022/10/17', 'Johnville'),
('146', 'Crystal Powers', 'patrick67@hotmail.com', '2023/03/24', 'West Cliffordmouth'),
('147', 'Tiffany Dunn', 'kelseyzimmerman@yahoo.com', '2020/05/07', 'Traviston'),
('148', 'Kelsey Hart', 'smosley@yahoo.com', '2020/08/01', 'Port Amber'),
('149', 'Madeline Craig', 'vmcdonald@larson.net', '2020/01/11', 'New Joshua'),
('150', 'Emily Abbott', 'moorealicia@gmail.com', '2023/09/06', 'Port Jeffreychester'),
('151', 'David Wilson', 'nicholasfry@yahoo.com', '2022/06/06', 'Colemouth'),
('152', 'Kyle Coleman', 'eric81@hotmail.com', '2020/04/08', 'West Phillip'),
('153', 'Kenneth Thornton', 'pmartinez@walker.com', '2021/08/06', 'East Johnnyborough'),
('154', 'Charles Smith', 'heather91@harvey.com', '2023/05/30', 'East Tamara'),
('155', 'Michael Gilbert', 'langveronica@johnson-smith.info', '2019/04/28', 'Jeremyhaven'),
('156', 'James Murray', 'paulthomas@yahoo.com', '2023/04/04', 'Martinezhaven'),
('157', 'Timothy Johnson', 'serranodeanna@ramirez.com', '2019/10/05', 'North Kaitlin'),
('158', 'Kathleen Patton', 'zweaver@yahoo.com', '2021/04/05', 'New Victoria'),
('159', 'Brian Daniels', 'sara77@gmail.com', '2019/03/27', 'Suarezside'),
('160', 'Gregory Nguyen', 'eric27@gmail.com', '2019/05/05', 'Payneview'),
('161', 'Regina Nelson', 'calderonkimberly@sims.com', '2023/12/22', 'Munozside'),
('162', 'Michael Huynh', 'blackfelicia@yahoo.com', '2020/10/29', 'Hendersonbury'),
('163', 'Jeremy Pham', 'joesmith@yahoo.com', '2019/05/12', 'South Rachelmouth'),
('164', 'Michelle Smith', 'ccarter@hamilton-choi.com', '2023/07/12', 'Mccormickton'),
('165', 'William Gray', 'danielhopkins@harper.org', '2019/05/04', 'Fieldschester'),
('166', 'Jacob Crawford', 'petersnyder@hotmail.com', '2023/12/07', 'Wellsside'),
('167', 'Samuel Jordan', 'jmurray@yahoo.com', '2020/02/07', 'Meganfurt'),
('168', 'Andrew White', 'xcoleman@gmail.com', '2019/02/12', 'East Jenniferhaven'),
('169', 'Valerie King', 'cainchristopher@thompson.org', '2021/02/16', 'Hestertown'),
('170', 'Jennifer Page', 'michael24@mueller.com', '2020/11/09', 'Port Patriciashire'),
('171', 'Kristina Mitchell', 'keithgray@yahoo.com', '2020/09/11', 'North Austin'),
('172', 'Timothy Hardy', 'kenneth75@hotmail.com', '2022/01/21', 'Port Jacob'),
('173', 'Charles Scott', 'luke89@hotmail.com', '2022/03/11', 'South Zacharyhaven'),
('174', 'Natasha Ritter', 'virginiamartin@gmail.com', '2022/03/10', 'East Jason'),
('175', 'Timothy Clay', 'egomez@gmail.com', '2019/05/09', 'Elizabethtown'),
('176', 'Denise Shelton', 'mark19@hotmail.com', '2019/10/08', 'West Kayla'),
('177', 'Selena Long', 'davidelliott@gmail.com', '2022/01/17', 'New Linda'),
('178', 'Anna Rodriguez', 'uorozco@hotmail.com', '2021/08/01', 'Maloneview'),
('179', 'Melissa Estrada', 'mendozakathleen@hotmail.com', '2019/05/23', 'East Kimberly'),
('180', 'Robert Davis', 'evansamy@miles-beltran.org', '2022/07/09', 'New Daniel'),
('181', 'Krystal Ellison', 'lrusso@bennett.com', '2021/01/27', 'North Tiffanychester'),
('182', 'Michael Jones', 'vanessa50@gmail.com', '2020/08/11', 'Lake Patrick'),
('183', 'Steven Davis', 'okramer@andrews.com', '2023/09/27', 'Walkermouth'),
('184', 'Wesley Jensen', 'richrobin@gmail.com', '2022/04/17', 'Farrellville'),
('185', 'Joyce Jimenez', 'fjohnson@hotmail.com', '2021/03/21', 'North Laurashire'),
('186', 'Steven Kelly', 'bartonkylie@hotmail.com', '2020/12/16', 'Emmabury'),
('187', 'Ann Ward', 'simpsonrita@gmail.com', '2021/05/31', 'Jeffreyton'),
('188', 'Bryan Travis', 'agonzales@hotmail.com', '2023/10/31', 'Scottburgh'),
('189', 'Cindy Austin', 'lmeadows@munoz-graham.com', '2021/07/21', 'South Jodiville'),
('190', 'Robert Miller', 'randyrollins@soto-mckinney.com', '2019/12/24', 'West Patrickstad'),
('191', 'Michael Carroll', 'hayeskevin@hotmail.com', '2022/09/28', 'Hortonstad'),
('192', 'Samantha Hurley', 'katelyn03@hotmail.com', '2021/05/22', 'North Manuel'),
('193', 'Jamie Molina', 'mariesmith@frost.org', '2022/07/25', 'North Robert'),
('194', 'Ashley Miller', 'igregory@gmail.com', '2023/06/10', 'West Arthurton'),
('195', 'Destiny Lucas', 'leebrian@hotmail.com', '2020/07/22', 'Port Paulfort'),
('196', 'Peter Hardy', 'stephenreed@jones.info', '2023/04/03', 'Baldwinside'),
('197', 'Brandy Ellison', 'amandasanchez@ross.com', '2020/05/22', 'North Sandramouth'),
('198', 'Melinda Robinson', 'cthompson@wood.com', '2022/09/26', 'Meganstad'),
('199', 'Jennifer Coleman', 'michaelsmith@yahoo.com', '2023/10/16', 'West Johnmouth'),
('200', 'Amber Griffin MD', 'christine04@barrera-thompson.com', '2022/02/08', 'Murphyport'),
('201', 'Sally Long', 'jeanette10@hotmail.com', '2023/05/04', 'Snowfort'),
('202', 'Holly Herman', 'chad08@hotmail.com', '2023/09/30', 'Joyton'),
('203', 'Alec Davis', 'omarfinley@valencia-burton.com', '2022/01/15', 'Teresaland'),
('204', 'William Blanchard', 'smithmichelle@yahoo.com', '2023/07/25', 'North Crystal'),
('205', 'Sara Daniel', 'kathleen67@gill-ruiz.com', '2020/10/17', 'Brookeport'),
('206', 'Ms. Emily Pitts', 'marshalllaurie@williams.com', '2020/01/25', 'Maloneton'),
('207', 'Jean Gallagher', 'whall@thornton.net', '2022/10/07', 'Lake Michael'),
('208', 'Karen Mayer', 'hbryan@schroeder.org', '2019/06/24', 'Port Andreachester'),
('209', 'Janet Young DVM', 'lbrown@mcknight.com', '2022/07/21', 'Port Anthonytown'),
('210', 'Katie Baker', 'vtapia@yahoo.com', '2022/09/24', 'West Bradley'),
('211', 'Sean Rivers', 'zgonzalez@hotmail.com', '2022/01/02', 'West Jorge'),
('212', 'Gregory Williams', 'monicamcpherson@gmail.com', '2019/07/11', 'Lake Patricia'),
('213', 'Ashlee Maldonado', 'ddouglas@gmail.com', '2021/06/30', 'North Laurenbury'),
('214', 'Crystal Phelps', 'emily49@ponce.com', '2022/02/19', 'Lake Katherineland'),
('215', 'Shane Berger', 'tracy58@strickland.com', '2022/03/16', 'South Desireeside'),
('216', 'Jesus Rich', 'bakernorman@armstrong.com', '2021/09/01', 'New Jeffrey'),
('217', 'Cory Duncan', 'raymondmendoza@taylor-smith.com', '2020/12/27', 'Stacyville'),
('218', 'Noah Cameron', 'rebeccacampbell@cooper.com', '2019/11/29', 'Nunezfurt'),
('219', 'Andrew Peterson', 'michael06@tate.info', '2020/04/23', 'Castanedaberg'),
('220', 'Thomas King', 'fryekim@crosby.com', '2021/03/12', 'South Joanna'),
('221', 'Rachel Gentry', 'brenda60@gmail.com', '2023/08/22', 'New Blake'),
('222', 'Janice Davis', 'fbruce@dawson.com', '2021/06/18', 'Arthurmouth'),
('223', 'Tanya Bartlett', 'nichole14@miller.biz', '2019/05/23', 'Justinville'),
('224', 'Michael Thomas', 'moorerobert@gmail.com', '2022/12/30', 'Dennismouth'),
('225', 'Elizabeth Kline', 'jonessamantha@carter.org', '2020/09/29', 'Meyersmouth'),
('226', 'Leah Munoz', 'acostadwayne@hotmail.com', '2020/09/04', 'Port James'),
('227', 'Joseph Holmes', 'yolanda04@schultz.com', '2021/03/24', 'Spenceview'),
('228', 'Patricia Smith', 'xgonzalez@lewis.com', '2021/03/25', 'Matthewmouth'),
('229', 'Miss Nicole Solomon PhD', 'hamptonandrew@goodman.biz', '2021/10/11', 'Riveramouth'),
('230', 'Nicole Howard', 'thomasporter@shea-jones.com', '2023/03/29', 'Burtonberg'),
('231', 'Michael Lopez', 'jermaine37@gmail.com', '2019/04/28', 'East Christineton'),
('232', 'Richard Fisher', 'johnchan@hotmail.com', '2021/11/08', 'Stephaniemouth'),
('233', 'Amy Mcintosh', 'collinspatricia@king.biz', '2019/12/18', 'Davidmouth'),
('234', 'Ethan Schroeder', 'mark39@hotmail.com', '2022/04/12', 'Downsborough'),
('235', 'Thomas Evans', 'fowlermatthew@friedman.com', '2023/01/17', 'Ericstad'),
('236', 'Jennifer Olson', 'hernandezbrooke@hopkins.com', '2020/03/05', 'North Elizabethton'),
('237', 'Brian Kelley', 'fowlermelissa@hotmail.com', '2019/08/22', 'South Johnhaven'),
('238', 'Karen Robinson', 'wwillis@watkins.org', '2021/05/12', 'Abigailfort'),
('239', 'Patricia Curtis', 'stephen49@taylor.com', '2023/03/13', 'New Margaretport'),
('240', 'Adam Stephenson', 'amartin@lopez-miller.com', '2020/10/11', 'West Jordanton'),
('241', 'Jordan Wise', 'ymiller@larson.com', '2022/02/22', 'Andersonburgh'),
('242', 'Dean Watson', 'riggserika@nicholson-figueroa.biz', '2022/07/06', 'South Seanside'),
('243', 'Katelyn Diaz', 'rjones@wilson-dennis.com', '2021/02/17', 'Erikaside'),
('244', 'Ryan Rosario', 'susanjohnston@yahoo.com', '2022/07/17', 'South Melinda'),
('245', 'Jennifer Atkins', 'leonardlang@schroeder.net', '2021/05/17', 'Lisatown'),
('246', 'Tamara Miller', 'bryanbryant@hotmail.com', '2020/11/09', 'Brookemouth'),
('247', 'William James', 'charris@guzman-jackson.net', '2022/08/26', 'South Andrew'),
('248', 'Caleb Murphy', 'oanderson@salinas-galvan.biz', '2020/09/05', 'Leslieport'),
('249', 'Hannah Guerra', 'moorechristopher@hotmail.com', '2021/03/31', 'West Tracyside'),
('250', 'Jeffrey Williamson', 'judy91@gmail.com', '2020/07/12', 'Brownview'),
('251', 'Eric Bennett', 'rebeccawilliams@hotmail.com', '2020/06/26', 'Julieburgh'),
('252', 'Lisa Gomez', 'deborahbarker@clark.biz', '2021/05/25', 'South Laura'),
('253', 'Michael Stevens', 'paulterry@liu.com', '2022/06/18', 'West Albert'),
('254', 'Bonnie Smith', 'daniel78@freeman.net', '2023/03/09', 'Greenside'),
('255', 'Aaron Wu', 'amy33@hotmail.com', '2021/04/24', 'Willisfurt'),
('256', 'Cynthia Scott', 'hglover@gmail.com', '2023/04/22', 'Doughertyshire'),
('257', 'Michael Gibson', 'shannonpark@gonzales-sanders.com', '2023/06/17', 'Patrickside'),
('258', 'Elizabeth Ford', 'robert48@nguyen.info', '2019/04/02', 'Weststad'),
('259', 'Spencer Thompson', 'michaelcase@vazquez-white.org', '2020/06/07', 'West Sandra'),
('260', 'Daniel Jenkins', 'stevenvasquez@gmail.com', '2020/12/30', 'Lake Donna'),
('261', 'Andrew Hughes', 'hscott@bradley.com', '2020/02/02', 'Aliciafurt'),
('262', 'James Garcia', 'jenniferdowns@payne.info', '2022/07/07', 'New Alicia'),
('263', 'Charles Hamilton', 'brandiflores@gmail.com', '2019/08/14', 'West Jasmin'),
('264', 'Dorothy Farrell', 'hodgedavid@hotmail.com', '2023/04/03', 'Shawnton'),
('265', 'Stephen Holmes', 'ygarcia@harris.com', '2023/05/24', 'Davidfort'),
('266', 'Austin Ochoa', 'foleypenny@smith.info', '2020/06/10', 'Everettmouth'),
('267', 'Brian Davis', 'aberry@yahoo.com', '2020/08/21', 'East Taylor'),
('268', 'Christopher Maxwell', 'jharris@hotmail.com', '2019/05/12', 'Lake Joshua'),
('269', 'Christopher Vaughn', 'clambert@yahoo.com', '2023/10/15', 'Graystad'),
('270', 'Angela Campbell', 'aday@gmail.com', '2019/04/24', 'East Codymouth'),
('271', 'Cory Williams', 'brady16@hotmail.com', '2022/06/30', 'Port Robert'),
('272', 'Ernest Gardner', 'rmorrison@martin.com', '2022/11/01', 'South Kimberly'),
('273', 'Richard Williams', 'bradfordwilliam@gmail.com', '2020/07/09', 'Royfurt'),
('274', 'David Brown', 'tracymitchell@weber.com', '2022/12/23', 'West Richard'),
('275', 'Adam Nguyen', 'thomasmartin@patterson-archer.com', '2021/10/09', 'Bakerbury'),
('276', 'Sara Montgomery', 'poolematthew@hotmail.com', '2023/07/19', 'New Michellebury'),
('277', 'Victor Murphy', 'burnsmatthew@hotmail.com', '2020/11/19', 'South Virginiaborough'),
('278', 'Heather Nicholson', 'robert60@hotmail.com', '2022/09/26', 'Port Johnberg'),
('279', 'Leah Walters', 'bakermaxwell@gmail.com', '2020/09/11', 'Bradleyborough'),
('280', 'John Davis', 'rachelbaker@gmail.com', '2023/06/05', 'Port Michael'),
('281', 'Tracy Brown MD', 'timothy18@hotmail.com', '2021/03/27', 'New Kimberlyside'),
('282', 'Kathleen Frazier', 'roger81@gmail.com', '2022/04/07', 'South Elizabethburgh'),
('283', 'Francisco Brown', 'fisherkelly@gmail.com', '2021/12/27', 'Port Angelaborough'),
('284', 'Felicia Torres', 'hallmary@rivera-jordan.com', '2019/07/20', 'West Marybury'),
('285', 'Richard Morales', 'cheryl83@wilson.com', '2019/06/09', 'East Amanda'),
('286', 'Kevin Blevins', 'juliegray@marks-johnson.com', '2023/04/08', 'Andersonmouth'),
('287', 'Robert Miller', 'fvega@gmail.com', '2019/01/16', 'Lake Angelamouth'),
('288', 'Katherine Mckay', 'bethanyramirez@blankenship-hill.com', '2023/01/19', 'Ebonybury'),
('289', 'Jacqueline Whitaker', 'michaelpeters@hotmail.com', '2020/12/14', 'Heidimouth'),
('290', 'Anthony Evans', 'felicia99@hotmail.com', '2022/05/18', 'Port James'),
('291', 'Teresa Collins', 'christopherwilson@hotmail.com', '2021/06/19', 'Aprilville'),
('292', 'Michele Gonzalez', 'robertdavis@roman.com', '2023/01/06', 'Lake Timothyfurt'),
('293', 'Anthony Rivas', 'tedwards@holmes-white.info', '2022/09/08', 'Nelsonbury'),
('294', 'Jerry Ali', 'calvindavis@gmail.com', '2020/11/26', 'West Tonyhaven'),
('295', 'Jennifer Davila', 'gmccoy@hotmail.com', '2023/01/13', 'South Chadchester'),
('296', 'Christina Rice', 'changdennis@bond.com', '2023/10/14', 'West Dana'),
('297', 'Kelsey Pham', 'matthewstewart@hotmail.com', '2022/09/18', 'North Brian'),
('298', 'Janice Vasquez', 'keithjeffrey@walker.info', '2022/11/24', 'Riveramouth'),
('299', 'William Castillo', 'stevennunez@hotmail.com', '2023/02/22', 'East Melvin'),
('300', 'Hayden Curtis', 'omurray@snyder-koch.com', '2023/01/30', 'Robertton'),
('301', 'Jennifer Patel', 'howellalexis@white.com', '2022/12/18', 'East Ashleyport'),
('302', 'Dr. Jennifer Rodriguez MD', 'faithday@gonzales.info', '2021/11/29', 'North Timothyfort'),
('303', 'Margaret Pruitt', 'nancy65@hotmail.com', '2023/12/03', 'Janiceside'),
('304', 'Joseph Stevenson II', 'copelandcynthia@hotmail.com', '2019/08/20', 'South Amy'),
('305', 'Heather Campbell', 'brooksscott@yahoo.com', '2022/06/30', 'Lake Joyce'),
('306', 'Catherine Thomas', 'ucrawford@yahoo.com', '2022/04/19', 'Flynnberg'),
('307', 'Catherine Ferguson', 'miguel34@yahoo.com', '2021/11/05', 'Wrightborough'),
('308', 'Sarah Garcia', 'ufields@johnson-flores.org', '2023/06/14', 'South Bradleyton'),
('309', 'Kimberly Jones', 'kperkins@gmail.com', '2019/03/21', 'Smithstad'),
('310', 'Mr. Jason Roberts', 'wanda50@cook.com', '2022/08/10', 'Mathismouth'),
('311', 'Anthony Simpson', 'rmccormick@fernandez-wright.com', '2021/10/17', 'Kellyview'),
('312', 'Robert Terry', 'amandabarrett@griffith-hines.com', '2023/08/29', 'New Thomas'),
('313', 'Jason Rivas', 'erin31@yahoo.com', '2023/01/29', 'Davidside'),
('314', 'Shannon Clark', 'tyler10@yahoo.com', '2022/11/23', 'North Ann'),
('315', 'Cassie Phillips', 'jason16@rodriguez.biz', '2022/06/06', 'Destinytown'),
('316', 'Kyle Kennedy', 'schneiderkaren@collins.biz', '2021/09/15', 'Meyerville'),
('317', 'Kristine Koch', 'tina80@rivas.com', '2019/11/20', 'Smithview'),
('318', 'Daniel Butler', 'kevincarrillo@richardson.com', '2022/09/14', 'Markhaven'),
('319', 'Scott Hanna', 'nelsonthomas@patton.org', '2023/04/14', 'Lake Timothy'),
('320', 'James House', 'taylorbrandy@yahoo.com', '2023/03/15', 'East Latoyafurt'),
('321', 'Christopher Richardson', 'zfoster@yahoo.com', '2020/11/05', 'New Gary'),
('322', 'Jeffrey Davis', 'rodriguezashley@kramer.com', '2019/08/07', 'East Brittany'),
('323', 'Pamela Lopez', 'raymondwatts@smith.com', '2020/09/10', 'East Daniellefurt'),
('324', 'Brenda Hodges', 'gbennett@gmail.com', '2023/12/10', 'East Adam'),
('325', 'Kenneth Casey', 'mariapatton@holland.org', '2022/07/09', 'New Jonathanport'),
('326', 'Eric Short', 'ferickson@miller.com', '2020/08/13', 'Riverastad'),
('327', 'Sharon Jones', 'pmitchell@hotmail.com', '2020/06/05', 'Tapiafort'),
('328', 'Adam Bryan', 'hestertheresa@hotmail.com', '2020/01/25', 'New Margaret'),
('329', 'Kaitlin Willis', 'jacquelinejones@hotmail.com', '2023/02/05', 'Tateborough'),
('330', 'Stephanie Gray', 'wdiaz@crawford.com', '2019/06/06', 'Ellismouth'),
('331', 'Joseph Cain', 'halljoel@montgomery-wright.com', '2021/09/02', 'North Amy'),
('332', 'Kayla Alexander', 'dodsoncaroline@ayala.com', '2019/07/22', 'Scottville'),
('333', 'Amanda Owen', 'heathdarin@hoffman-nguyen.info', '2022/12/02', 'Seanberg'),
('334', 'Jessica Norton', 'jacksonjacqueline@yahoo.com', '2022/01/28', 'Bowersfort'),
('335', 'Todd Trujillo', 'solistodd@watson.biz', '2023/11/12', 'Hawkinsberg'),
('336', 'Douglas Mcdonald', 'millsabigail@moore.com', '2022/03/09', 'Josephfort'),
('337', 'Ann Bowman', 'allenrodney@yahoo.com', '2019/03/18', 'Penningtonstad'),
('338', 'Paul Kelley', 'rfox@hotmail.com', '2021/12/16', 'Helenhaven'),
('339', 'Albert Serrano', 'jlarson@hotmail.com', '2023/05/03', 'Lake Ricardo'),
('340', 'Kevin Martin', 'xyork@morris.org', '2020/09/29', 'New Robert'),
('341', 'Kelly Morris', 'ashleyguerra@logan.com', '2019/09/23', 'Danielstad'),
('342', 'William Lee', 'carlsonmitchell@gmail.com', '2020/12/18', 'Port Claudia'),
('343', 'Tammy James', 'vanessa65@johnson.org', '2022/08/21', 'North Evanport'),
('344', 'Frederick Landry', 'hwilson@donovan.biz', '2022/01/18', 'Lake Loriview'),
('345', 'Scott Greer', 'dominicsanchez@anderson.net', '2021/10/02', 'Port Curtis'),
('346', 'Victoria Edwards', 'tyler05@yahoo.com', '2020/01/29', 'West Joshua'),
('347', 'Lisa Williams', 'thomaswatson@cline-baker.com', '2021/05/04', 'Cummingsland'),
('348', 'Ashlee Lane', 'kellynatasha@yahoo.com', '2020/03/20', 'Reedton'),
('349', 'Emily Palmer', 'christophersmith@hotmail.com', '2019/12/01', 'Port Edward'),
('350', 'Brianna Hall', 'tnavarro@hurst.info', '2021/01/10', 'North Keithborough'),
('351', 'Jacob Kerr', 'smithdouglas@french-ray.com', '2019/03/07', 'Scottland'),
('352', 'Brianna Walker', 'kimberlyrobertson@caldwell.com', '2020/11/26', 'Cindystad'),
('353', 'David Macdonald', 'fowlerjared@yahoo.com', '2023/04/06', 'Port Jenniferport'),
('354', 'Nathaniel Alvarez Jr.', 'richardmendez@vazquez-romero.com', '2021/05/17', 'Kimmouth'),
('355', 'James Wood', 'tsims@gmail.com', '2021/03/18', 'Port Richard'),
('356', 'Sharon Gomez', 'orrpaul@hughes.com', '2020/05/10', 'Pattersonshire'),
('357', 'Joseph Moreno', 'bmiles@potts.net', '2023/10/07', 'Phillipstown'),
('358', 'Alexander Williams', 'sdelgado@young.com', '2020/11/10', 'Lake James'),
('359', 'Dustin Price', 'danielwalsh@gmail.com', '2021/11/02', 'Myerstown'),
('360', 'Jennifer Stanley', 'williecooke@calhoun.com', '2023/04/07', 'Robinside'),
('361', 'Scott Lopez', 'ewilliams@yahoo.com', '2022/12/17', 'Davidport'),
('362', 'Michael Cox', 'sherry25@meyers.com', '2022/05/12', 'Madelineville'),
('363', 'Donna Duffy', 'francisgriffin@gmail.com', '2020/07/29', 'Leonville'),
('364', 'Keith Robertson', 'annamorales@hotmail.com', '2019/12/31', 'Hawkinsview'),
('365', 'Sherry Roberts', 'ochen@harrell-lam.info', '2022/08/20', 'Michaelfort'),
('366', 'Cody Perez', 'christopherelliott@yahoo.com', '2019/12/06', 'Harrisshire'),
('367', 'Andrea Johnson', 'scotthoward@wheeler-roy.com', '2020/11/08', 'Port Crystalborough'),
('368', 'Elizabeth Collins', 'isaac00@mitchell.com', '2022/06/06', 'Hernandezburgh'),
('369', 'Jamie Henderson', 'markgonzalez@weiss.info', '2023/12/06', 'Troyfort'),
('370', 'Patricia Romero', 'taylorellis@young.org', '2023/06/16', 'West Robertburgh'),
('371', 'Alexandra Smith', 'patrickjackson@grimes.com', '2021/10/20', 'Jamesside'),
('372', 'Cynthia Mcbride', 'samueltaylor@yahoo.com', '2019/09/16', 'Douglastown'),
('373', 'Teresa Castillo', 'briannabates@guerrero-medina.org', '2019/06/28', 'South Wendyland'),
('374', 'Brittany Brandt', 'inicholson@yahoo.com', '2019/07/26', 'Calvinside'),
('375', 'Calvin Sandoval', 'brian80@kim.org', '2022/07/26', 'North Thomasfurt'),
('376', 'Kathryn Johnson', 'allennathan@gmail.com', '2023/03/14', 'Samuelberg'),
('377', 'Julie Dyer', 'matarenee@martinez.com', '2019/03/06', 'Bellville'),
('378', 'Robin Mcgrath', 'angela25@williams.com', '2023/10/26', 'Bernardhaven'),
('379', 'Micheal Mckee', 'stanley37@thompson.com', '2021/06/04', 'Robertsmouth'),
('380', 'Jeffery Fields', 'taylormccann@arnold.org', '2020/07/16', 'Lake James'),
('381', 'Mariah Gomez', 'bkramer@yahoo.com', '2023/11/25', 'Susanburgh'),
('382', 'Matthew Evans', 'tblevins@alvarez.com', '2020/01/02', 'North Elizabethside'),
('383', 'Maria Bush', 'fjoseph@shaw.com', '2019/10/11', 'Kathyview'),
('384', 'Brittany Knight', 'rodriguezbrent@hotmail.com', '2020/02/19', 'Brooketown'),
('385', 'Emily Reed', 'tony64@hotmail.com', '2023/07/25', 'Landryburgh'),
('386', 'Caitlin Rodriguez DVM', 'zbryant@gmail.com', '2022/01/20', 'Nashland'),
('387', 'Anthony Carey', 'rebecca76@gmail.com', '2021/03/29', 'Port Jeffreyview'),
('388', 'Benjamin Newman', 'larry30@phillips.com', '2021/03/11', 'Laneland'),
('389', 'Kelsey Lowery', 'rcrawford@sims.com', '2023/05/21', 'Sullivanburgh'),
('390', 'George Cortez', 'bishopmartin@smith-sanders.biz', '2019/10/13', 'East Katrina'),
('391', 'Marvin Washington', 'jenniferwilson@hotmail.com', '2021/01/06', 'Port Alexanderborough'),
('392', 'Angela Peterson', 'jessicajones@taylor.info', '2020/12/02', 'Gibbsbury'),
('393', 'Joseph Black', 'melinda81@gmail.com', '2021/03/24', 'Stephanieport'),
('394', 'John Jones', 'coreypeters@hotmail.com', '2019/02/25', 'Matthewstad'),
('395', 'Patricia Jordan', 'josephking@cowan-farmer.com', '2021/12/13', 'Michaelchester'),
('396', 'Laura Murray', 'bullockjohn@sutton.com', '2021/06/11', 'Riverabury'),
('397', 'Ryan Horton', 'vdouglas@atkins.com', '2023/01/29', 'Kimtown'),
('398', 'Phillip Knapp', 'jacksonbrandon@everett.com', '2021/01/31', 'Port Michael'),
('399', 'Mark Herring', 'sara60@gmail.com', '2022/10/08', 'Robertsstad'),
('400', 'Kayla Mccarthy MD', 'dmiller@kelly-rice.biz', '2019/09/16', 'West Billyland'),
('401', 'Brittany Nolan', 'michelle19@hotmail.com', '2020/09/30', 'South Richardfort'),
('402', 'Mary Martinez', 'nancydavis@gmail.com', '2019/03/24', 'North Garytown'),
('403', 'Guy Thomas', 'alexishunter@lucas.com', '2019/08/28', 'Loribury'),
('404', 'Jennifer Barron', 'cynthia69@gmail.com', '2020/06/10', 'Lake Michaelbury'),
('405', 'Thomas Mckenzie', 'johnramirez@wang.com', '2019/12/25', 'Sweeneyview'),
('406', 'James Charles', 'smithdiane@griffith.com', '2019/01/25', 'Woodmouth'),
('407', 'Patricia Hernandez', 'larryespinoza@gmail.com', '2021/11/20', 'Cooperberg'),
('408', 'Dr. Melissa Yang MD', 'moodynicole@mendoza.com', '2019/08/04', 'Port Bailey'),
('409', 'John Stanley', 'sotojason@gmail.com', '2019/05/22', 'Angelafort'),
('410', 'Richard Gibson', 'jenny55@yahoo.com', '2021/07/29', 'Stephanietown'),
('411', 'Vanessa Patel', 'angelicawilson@hotmail.com', '2020/03/06', 'Lopezborough'),
('412', 'Lisa Davis', 'xperez@yahoo.com', '2019/11/26', 'New Dominiqueton'),
('413', 'Mark Neal', 'heatherknapp@barrett.info', '2019/03/10', 'Gainesfort'),
('414', 'George Mccarthy', 'fwatkins@chapman-johnson.com', '2022/04/11', 'Lake Tracey'),
('415', 'Jason Hernandez MD', 'jon05@hotmail.com', '2020/04/13', 'Port Brianborough'),
('416', 'Glenn Green', 'flynnjohn@hotmail.com', '2021/03/13', 'Benjaminstad'),
('417', 'Janet Hartman', 'benjamin38@scott-collins.com', '2023/02/14', 'East Kristen'),
('418', 'Alexandra Bush', 'hcampbell@yahoo.com', '2020/04/27', 'East Robert'),
('419', 'Brandon Irwin', 'lewistracy@mcdowell.com', '2022/08/12', 'Fergusonville'),
('420', 'Heather Friedman', 'jamie19@campbell-booth.com', '2019/01/03', 'Herreraview'),
('421', 'Ms. Carol Bailey', 'qbryant@gross-stevens.com', '2021/09/16', 'East Brandi'),
('422', 'Sarah Pittman', 'mcdonaldsarah@yahoo.com', '2022/01/01', 'Lake Shannonport'),
('423', 'Nicole Fisher', 'smithmichelle@watson.net', '2022/06/13', 'North Charles'),
('424', 'Ryan Williams', 'csimpson@yahoo.com', '2023/08/16', 'North Robinstad'),
('425', 'Anthony Lewis', 'kimberly28@greer.com', '2022/01/05', 'Barbaramouth'),
('426', 'Bianca Williams', 'briangreen@moreno.com', '2022/05/05', 'Lynnfurt'),
('427', 'Rhonda Taylor', 'mgordon@hotmail.com', '2023/06/24', 'Port Joelport'),
('428', 'Catherine Nelson', 'sdonaldson@ellis.com', '2023/10/03', 'Lake Sean'),
('429', 'Elizabeth Chan', 'erinchavez@walker.net', '2023/05/29', 'Holmesburgh'),
('430', 'Dr. Michael Anderson', 'burnsmeredith@yahoo.com', '2023/10/07', 'West Angelamouth'),
('431', 'Christina Keith', 'phillipsjustin@bonilla-oneill.com', '2023/09/21', 'South Markberg'),
('432', 'Ryan Bush', 'angelaschultz@alexander.com', '2020/02/26', 'Rogershire'),
('433', 'Matthew Levine', 'hodgespaula@parker-nguyen.com', '2020/12/06', 'Tinaborough'),
('434', 'Samantha Hall', 'johngibson@gmail.com', '2019/06/27', 'Youngville'),
('435', 'Brandon Smith', 'tyronemcpherson@hotmail.com', '2020/11/23', 'Lake Nicoleburgh'),
('436', 'Andre Miller', 'debbiedavis@mcdowell.com', '2021/11/28', 'Rossbury'),
('437', 'Cheryl Price', 'gadams@galvan.info', '2023/08/13', 'Wilkinsfort'),
('438', 'Madison King', 'kwells@hotmail.com', '2021/09/23', 'East Reginald'),
('439', 'Brenda Hart', 'whitemichael@young-simpson.net', '2023/06/01', 'West Rebecca'),
('440', 'James Barajas DVM', 'dianaweiss@yahoo.com', '2021/11/20', 'New Thomasburgh'),
('441', 'Cindy Wyatt', 'allenmelanie@giles.biz', '2019/03/12', 'Riosfort'),
('442', 'Angela Mcdaniel', 'patricia00@hotmail.com', '2023/01/03', 'New Renee'),
('443', 'Kimberly Ross', 'kimdavid@moore.com', '2021/06/07', 'South Melissa'),
('444', 'Ryan Rodriguez', 'juliagordon@yahoo.com', '2021/09/13', 'South Monica'),
('445', 'Sarah Scott', 'edgarwalter@shaw.com', '2021/10/06', 'South Elizabeth'),
('446', 'Tina Powell', 'nmeyer@hotmail.com', '2022/06/24', 'Lake Nicholashaven'),
('447', 'Renee Bailey', 'williamsangela@carney.com', '2021/11/02', 'Michaelfort'),
('448', 'Tyler Thompson', 'boonemichael@young.com', '2023/07/22', 'Karentown'),
('449', 'Cameron Decker', 'andrewdavis@anthony.com', '2019/11/08', 'New Timothy'),
('450', 'Margaret Salinas', 'ulucas@reese-ryan.biz', '2020/04/22', 'Michaelmouth'),
('451', 'Paul Harding', 'nicole04@yahoo.com', '2020/06/17', 'West Christopherview'),
('452', 'Juan Tucker', 'jacksonandrew@evans.info', '2021/07/29', 'South Claytontown'),
('453', 'Jason Ramos', 'alison92@matthews.com', '2022/07/30', 'New Joshuaburgh'),
('454', 'Samantha Ruiz', 'michelle82@ryan-baker.com', '2023/02/15', 'Claytonshire'),
('455', 'Dawn Walter', 'andrewsanchez@johnson-clark.net', '2019/01/07', 'North Isaacville'),
('456', 'Kelly Diaz', 'nmoore@yahoo.com', '2022/10/13', 'Bakerchester'),
('457', 'Kyle Herrera', 'mschroeder@hotmail.com', '2023/12/21', 'New Juliamouth'),
('458', 'Stephen Velasquez', 'cindynguyen@yahoo.com', '2019/10/20', 'Joyceport'),
('459', 'Sonia Johnson', 'ivan08@robinson.biz', '2019/11/16', 'Lake Steven'),
('460', 'Richard Garcia', 'bennettsharon@montes.org', '2019/01/23', 'Travisberg'),
('461', 'Matthew Woods', 'rasmussenwendy@hotmail.com', '2021/08/22', 'Hansenbury'),
('462', 'Melanie Garcia', 'sarahharrison@munoz-king.com', '2022/07/13', 'Gloverfort'),
('463', 'Michelle Gutierrez', 'ashleymartinez@santana.com', '2022/01/25', 'New Anneside'),
('464', 'William Bolton', 'longlisa@stevenson.com', '2021/12/27', 'New George'),
('465', 'Joel Dunn', 'mccoyjulie@yahoo.com', '2023/07/27', 'Stephanieside'),
('466', 'Richard Winters', 'kathleen40@george-johnson.com', '2019/11/07', 'Lake Amber'),
('467', 'Mark Rodriguez', 'ocarrillo@yahoo.com', '2018/12/30', 'Howellberg'),
('468', 'Miguel Vazquez', 'kramerelizabeth@hotmail.com', '2021/04/15', 'Cohenville'),
('469', 'Brian King', 'scottcowan@yahoo.com', '2023/05/12', 'East Morgan'),
('470', 'Walter West', 'michael52@yahoo.com', '2021/04/05', 'Martinezberg'),
('471', 'Joseph Hardin', 'gpetty@ball.com', '2021/10/31', 'Taylorville'),
('472', 'Michael Barnes', 'hcarter@holloway-miller.biz', '2019/12/06', 'Pageton'),
('473', 'James Stewart', 'melissa77@sullivan.info', '2020/08/12', 'Harringtonburgh'),
('474', 'Janice Henderson', 'joshua24@gmail.com', '2020/02/06', 'North Mckenzie'),
('475', 'Jesse Jordan', 'lori10@yahoo.com', '2019/05/06', 'Kellyshire'),
('476', 'Anthony Simon', 'harrisdenise@black.net', '2020/11/04', 'Jacksonport'),
('477', 'Becky Burgess', 'gwilliams@hotmail.com', '2022/04/21', 'Port Maria'),
('478', 'Renee Page', 'stanleyjohn@curtis.info', '2020/09/20', 'Underwoodmouth'),
('479', 'Craig Brown', 'tross@hotmail.com', '2022/08/11', 'Port Melissa'),
('480', 'Rebecca Martinez', 'lsimmons@terry.org', '2022/11/09', 'Walkerview'),
('481', 'Michael Larson', 'christophersmith@gmail.com', '2023/12/05', 'East Dariusborough'),
('482', 'Aimee Patterson', 'rhondagonzalez@moore-smith.com', '2019/07/09', 'South Dawn'),
('483', 'Kelsey Anthony', 'jmclean@green.com', '2020/06/20', 'South Aliciatown'),
('484', 'Grant Baker', 'frazierkathryn@perez.org', '2022/03/27', 'Ryanburgh'),
('485', 'Hannah Spencer', 'kevin61@howell.info', '2022/08/03', 'Simmonsport'),
('486', 'Marcus French', 'gary87@cannon-rogers.org', '2020/12/19', 'Crawfordhaven'),
('487', 'Amanda Mclaughlin', 'dcampbell@walton.com', '2021/09/29', 'Port Eugene'),
('488', 'Patricia Martinez', 'ismith@gmail.com', '2019/08/19', 'North Matthew'),
('489', 'Steven Stone', 'garcialuis@hotmail.com', '2020/02/29', 'Buchananland'),
('490', 'Susan Porter', 'jandrews@hotmail.com', '2019/06/25', 'Mollybury'),
('491', 'Sabrina Smith', 'donnamiller@hotmail.com', '2019/06/25', 'Hernandezfurt'),
('492', 'Olivia Clay', 'jasonnguyen@ruiz-dunn.com', '2022/02/25', 'New Thomas'),
('493', 'Joshua Brewer', 'wangbrian@hotmail.com', '2019/12/09', 'Jamesland'),
('494', 'Carrie Smith', 'justincarr@harris-ramsey.net', '2022/02/12', 'Gailton'),
('495', 'Patricia Tyler', 'qsantiago@wright.info', '2019/08/15', 'Lake Madeline'),
('496', 'Casey Washington', 'michellejones@yahoo.com', '2022/05/31', 'Kelleyside'),
('497', 'Nicole White', 'qcain@yahoo.com', '2022/07/22', 'North Brandon'),
('498', 'Pamela Smith', 'ojohnson@gmail.com', '2023/03/10', 'Williamston'),
('499', 'David Schneider', 'elliottrebekah@smith.info', '2022/05/21', 'Hoovermouth'),
('500', 'James Coleman', 'cainmichele@baker.net', '2023/04/25', 'New Tracy');

---InsertSuppliers
SELECT * FROM suppliers;
INSERT INTO suppliers(SupplierID, Name, ContactInfo, ProductType) VALUES
('1', 'Brown, Martin and Johnson', '+1-227-188-2186x98561', 'Electronics'),
('2', 'Johnston, Frank and Harris', '001-247-529-7644x25421', 'Electronics'),
('3', 'Fox-Oliver', '+1-591-199-1936x51992', 'Electronics'),
('4', 'Carr-Jones', '7846810377', 'Electronics'),
('5', 'Miller-Soto', '(062)252-0205x2832', 'Clothing'),
('6', 'Flores PLC', '301-550-5726', 'Electronics'),
('7', 'Warner, Parker and Knapp', '001-297-994-9217x10762', 'Books'),
('8', 'Sheppard, Sims and Dixon', '349.053.4568x538', 'Electronics'),
('9', 'Hurley Ltd', '(620)354-9348x93908', 'Home Goods'),
('10', 'Moore-Brown', '875.039.6513x515', 'Clothing'),
('11', 'Garcia-Gray', '+1-355-151-2903x043', 'Electronics'),
('12', 'Gutierrez, Wilson and Patrick', '+1-023-217-0648x49820', 'Electronics'),
('13', 'Ward-Johnson', '001-207-604-1658x7052', 'Toys'),
('14', 'Warren, Cox and Diaz', '024.319.5415', 'Home Goods'),
('15', 'Wilson, Hansen and Aguilar', '(048)222-8523', 'Electronics'),
('16', 'Mitchell-Smith', '(355)863-8093', 'Toys'),
('17', 'Hopkins-Smith', '(776)946-4624', 'Toys'),
('18', 'Romero Ltd', '723.290.3960x0963', 'Clothing'),
('19', 'Garner-Thomas', '173.542.4343x86570', 'Books'),
('20', 'Morris, Foley and Swanson', '+1-407-992-7126x6248', 'Toys'),
('21', 'Crawford-Patrick', '570.052.5193', 'Electronics'),
('22', 'Simpson Ltd', '001-689-698-2574x341', 'Electronics'),
('23', 'Wolfe Group', '033.524.0718', 'Home Goods'),
('24', 'Obrien, Sanchez and Burns', '201110038', 'Clothing'),
('25', 'Becker and Sons', '+1-027-169-4947x0792', 'Toys'),
('26', 'Smith PLC', '263.486.7541', 'Books'),
('27', 'Brown LLC', '-7449', 'Home Goods'),
('28', 'Gomez LLC', '653.677.0751x745', 'Books'),
('29', 'Pope-Gordon', '+1-317-809-2879x869', 'Home Goods'),
('30', 'Haney, Sanford and Hernandez', '001-885-522-9711x998', 'Electronics'),
('31', 'Taylor, Osborn and Velasquez', '007-344-5081x384', 'Home Goods'),
('32', 'Garcia, Johns and Dawson', '(440)378-1059x386', 'Electronics'),
('33', 'Hernandez, Aguilar and Burns', '066-505-1394x65285', 'Home Goods'),
('34', 'Pollard-Massey', '837-327-9813x16911', 'Clothing'),
('35', 'Strong Inc', '230.961.0783x592', 'Electronics'),
('36', 'Williams-Gutierrez', '665.137.1785x35939', 'Electronics'),
('37', 'Smith and Sons', '778.729.4520x990', 'Books'),
('38', 'Odom Group', '-5848', 'Toys'),
('39', 'Lowe LLC', '783-286-9306', 'Electronics'),
('40', 'Thornton-Cook', '849-626-2814', 'Books'),
('41', 'Lindsey and Sons', '641-391-7338x23536', 'Books'),
('42', 'Colon-Simpson', '718-982-5018', 'Books'),
('43', 'French-Ramirez', '001-272-969-7013x900', 'Home Goods'),
('44', 'Weiss Inc', '433.914.1374x6570', 'Home Goods'),
('45', 'Jenkins and Sons', '(552)140-2271x74354', 'Home Goods'),
('46', 'Hicks, Buck and Nguyen', '001-279-088-1466x14116', 'Home Goods'),
('47', 'Collins Inc', '-7760', 'Home Goods'),
('48', 'Crawford Ltd', '-9500', 'Toys'),
('49', 'Price-Ferguson', '001-826-980-8374x283', 'Clothing'),
('50', 'Brennan-Bright', '(832)257-0440', 'Electronics'),
('51', 'Harrell-Johnson', '+1-038-198-3368x4161', 'Toys'),
('52', 'Nichols, Perez and Cain', '001-858-919-8641', 'Clothing'),
('53', 'Armstrong, Farrell and Carter', '158-564-7006', 'Clothing'),
('54', 'Richards-Sullivan', '+1-255-161-9486x437', 'Home Goods'),
('55', 'Brewer Group', '001-874-913-5799', 'Toys'),
('56', 'Lewis Group', '7986436738', 'Books'),
('57', 'Cooper PLC', '572-203-4841x153', 'Books'),
('58', 'Wilson, Thomas and Porter', '8193652260', 'Books'),
('59', 'Riley-Wall', '542.836.2943x3720', 'Toys'),
('60', 'Smith-Reynolds', '254.958.2664x7925', 'Books'),
('61', 'Gibson, Thompson and Pugh', '+1-996-072-0061x7449', 'Books'),
('62', 'White-Gonzales', '569.407.0861', 'Home Goods'),
('63', 'Smith-Powers', '(799)302-7381x804', 'Books'),
('64', 'Garza, Fields and Luna', '(584)497-9882x87898', 'Electronics'),
('65', 'Zimmerman, Silva and Rodriguez', '707.898.3881', 'Books'),
('66', 'Dunn-Clark', '756.651.6954', 'Electronics'),
('67', 'Hicks-Hayes', '177-923-8552x02855', 'Electronics'),
('68', 'Vazquez, Mendez and Hicks', '(580)512-1248x623', 'Clothing'),
('69', 'David-Cook', '591-910-1883x211', 'Electronics'),
('70', 'Guerra, Lee and Rodriguez', '(201)473-1699', 'Books'),
('71', 'Hall PLC', '524-952-6280', 'Electronics'),
('72', 'Owen, Cooper and Lam', '+1-927-778-2891x6835', 'Clothing'),
('73', 'Jones PLC', '378-381-9896', 'Books'),
('74', 'Wall, Ray and Hopkins', '001-311-493-4506x81962', 'Electronics'),
('75', 'Ramos and Sons', '660.894.1526x9550', 'Clothing'),
('76', 'Farley-Bennett', '4289148185', 'Home Goods'),
('77', 'Mcgee, Lopez and Harris', '5696455808', 'Books'),
('78', 'Miller, Hampton and Brown', '201-121-2926x8637', 'Electronics'),
('79', 'Carter Inc', '(303)590-9989x62780', 'Toys'),
('80', 'Clark and Sons', '+1-450-977-3552x08455', 'Electronics'),
('81', 'Schultz-Snyder', '536.461.3718', 'Electronics'),
('82', 'Valenzuela, Thomas and Sutton', '001-403-859-7566x0142', 'Home Goods'),
('83', 'Nelson LLC', '001-966-180-0863x71192', 'Home Goods'),
('84', 'Rodriguez, Oneill and Howe', '(991)236-7063x85321', 'Toys'),
('85', 'Hansen, Bell and Zhang', '103-419-8080x404', 'Books'),
('86', 'Whitehead-Mcdonald', '+1-843-511-6311x405', 'Books'),
('87', 'King-Conway', '(874)638-5886', 'Electronics'),
('88', 'Brooks Inc', '(583)950-1719x616', 'Home Goods'),
('89', 'Jimenez-Price', '+1-734-256-4328x628', 'Toys'),
('90', 'Prince-Larson', '885-657-7289x39611', 'Home Goods'),
('91', 'Hartman, Conner and Calhoun', '835-604-5935x2595', 'Toys'),
('92', 'Miller-Tran', '(112)271-2919', 'Home Goods'),
('93', 'Smith, Greene and Rich', '(673)767-3353', 'Home Goods'),
('94', 'Faulkner and Sons', '319-689-2161', 'Toys'),
('95', 'Mccarthy PLC', '001-887-588-1105x1350', 'Home Goods'),
('96', 'Morgan, Vazquez and Miller', '(625)146-6133', 'Electronics'),
('97', 'Harris, Green and Williamson', '237.282.9197x80664', 'Books'),
('98', 'Hughes-Tate', '122-431-7874x2964', 'Home Goods'),
('99', 'Gutierrez PLC', '(487)116-7146x68407', 'Books'),
('100', 'Vasquez, Marquez and Williams', '001-502-989-7180x23272', 'Books');

---InsertOrders
SELECT * FROM orders;
INSERT INTO orders(OrderID, CustomerID, OrderDate, TotalAmount) VALUES
('1', '274', '2023/04/14', '1859.42'),
('2', '24', '2022/11/13', '1619.22'),
('3', '370', '2023/03/29', '3153.34'),
('4', '112', '2023/12/11', '2525.54'),
('5', '178', '2023/07/15', '4251.45'),
('6', '228', '2022/05/15', '733.19'),
('7', '33', '2023/04/17', '531.62'),
('8', '361', '2023/04/03', '4364.4'),
('9', '419', '2022/06/03', '3848.72'),
('10', '190', '2022/05/09', '1418.32'),
('11', '429', '2022/12/01', '3145.95'),
('12', '384', '2023/05/29', '264.26'),
('13', '482', '2022/12/15', '4973.39'),
('14', '433', '2023/05/30', '3721.29'),
('15', '303', '2022/07/20', '585.66'),
('16', '104', '2023/01/13', '989.45'),
('17', '306', '2022/11/06', '3260.92'),
('18', '8', '2022/11/16', '2288.57'),
('19', '329', '2023/10/25', '2782.48'),
('20', '454', '2022/10/16', '2050.64'),
('21', '426', '2022/09/02', '1778'),
('22', '57', '2023/12/06', '2287.33'),
('23', '162', '2022/02/25', '1726.29'),
('24', '427', '2023/03/24', '4886.49'),
('25', '6', '2022/08/29', '2748.44'),
('26', '121', '2023/04/05', '4301.78'),
('27', '104', '2022/09/06', '3941.86'),
('28', '456', '2022/03/15', '2163.79'),
('29', '438', '2022/04/02', '663.63'),
('30', '270', '2023/11/30', '1964.87'),
('31', '94', '2022/04/30', '1392.87'),
('32', '471', '2022/01/18', '317.78'),
('33', '13', '2023/10/26', '2456.24'),
('34', '277', '2022/01/08', '4387.7'),
('35', '47', '2022/12/28', '940.56'),
('36', '70', '2023/04/11', '2476.48'),
('37', '75', '2023/11/22', '1232.89'),
('38', '478', '2022/02/08', '1186.8'),
('39', '181', '2023/05/25', '4850.72'),
('40', '270', '2022/02/01', '754.62'),
('41', '324', '2023/05/20', '4962.55'),
('42', '413', '2023/05/29', '1600.39'),
('43', '2', '2023/01/22', '3437.88'),
('44', '409', '2022/01/01', '2645.56'),
('45', '64', '2022/03/12', '1076.11'),
('46', '287', '2022/07/01', '2416.5'),
('47', '131', '2022/05/05', '2736.35'),
('48', '234', '2022/03/04', '2156.32'),
('49', '233', '2023/06/15', '234.68'),
('50', '467', '2022/05/24', '2518.72'),
('51', '322', '2023/03/29', '1648.68'),
('52', '44', '2022/03/09', '4622.15'),
('53', '20', '2023/10/23', '2820.07'),
('54', '183', '2022/09/24', '2305.11'),
('55', '165', '2022/11/05', '3029.4'),
('56', '334', '2023/12/09', '722.29'),
('57', '162', '2022/03/19', '2244.25'),
('58', '358', '2022/09/08', '362.38'),
('59', '164', '2022/10/07', '1687.95'),
('60', '206', '2022/04/22', '826.34'),
('61', '289', '2023/01/12', '4161.39'),
('62', '283', '2022/12/06', '4793.48'),
('63', '179', '2022/08/22', '1759.08'),
('64', '173', '2022/08/04', '624.52'),
('65', '275', '2023/09/23', '1974.08'),
('66', '171', '2023/04/03', '3381.75'),
('67', '221', '2022/05/17', '2181.59'),
('68', '141', '2022/02/18', '2448.62'),
('69', '105', '2023/02/13', '215.68'),
('70', '92', '2022/08/18', '2154.94'),
('71', '130', '2023/09/28', '4977.17'),
('72', '314', '2022/09/11', '2044.48'),
('73', '247', '2023/02/20', '4446.87'),
('74', '21', '2022/04/27', '4158.03'),
('75', '437', '2023/01/03', '3316.77'),
('76', '194', '2022/10/25', '2590.4'),
('77', '95', '2023/12/26', '1092.06'),
('78', '400', '2022/07/18', '651.77'),
('79', '185', '2023/06/16', '1615.24'),
('80', '48', '2023/07/13', '1648.92'),
('81', '271', '2023/02/24', '2052.72'),
('82', '53', '2022/01/21', '1952.75'),
('83', '489', '2023/03/22', '1973.36'),
('84', '331', '2023/10/16', '3269.48'),
('85', '155', '2023/03/01', '2432.92'),
('86', '485', '2022/09/21', '1484.61'),
('87', '23', '2023/01/12', '4423.4'),
('88', '496', '2022/12/27', '2614.99'),
('89', '290', '2023/05/19', '3846.79'),
('90', '312', '2022/08/03', '4282.72'),
('91', '242', '2022/03/20', '414.84'),
('92', '48', '2022/04/14', '2511.93'),
('93', '107', '2023/12/13', '4229.74'),
('94', '15', '2022/07/27', '2803.67'),
('95', '87', '2022/06/06', '708.22'),
('96', '198', '2022/06/05', '4869.97'),
('97', '446', '2023/06/24', '4467.58'),
('98', '23', '2022/03/13', '3678.31'),
('99', '417', '2023/06/30', '1109.77'),
('100', '188', '2022/09/30', '3725.18'),
('101', '406', '2022/01/08', '1502.79'),
('102', '18', '2023/10/10', '2244.99'),
('103', '294', '2023/02/03', '4225.62'),
('104', '268', '2022/06/25', '4745.45'),
('105', '483', '2022/11/08', '3487.25'),
('106', '477', '2022/08/02', '4277.31'),
('107', '160', '2022/01/02', '486.47'),
('108', '354', '2022/05/25', '4001.39'),
('109', '377', '2023/09/10', '4529.66'),
('110', '261', '2023/06/03', '300.15'),
('111', '456', '2022/12/23', '962.49'),
('112', '429', '2023/05/21', '4850.27'),
('113', '296', '2023/10/24', '2517.31'),
('114', '156', '2023/11/21', '1208.85'),
('115', '279', '2023/10/28', '859.62'),
('116', '412', '2023/04/14', '2923.2'),
('117', '73', '2023/03/18', '2167.83'),
('118', '281', '2022/10/20', '386.26'),
('119', '211', '2022/02/20', '2723.14'),
('120', '246', '2023/02/12', '3320.72'),
('121', '72', '2023/10/31', '3460.65'),
('122', '421', '2021/12/29', '3697.7'),
('123', '175', '2023/07/28', '4325.07'),
('124', '65', '2022/12/11', '4680.86'),
('125', '145', '2022/08/04', '70.61'),
('126', '295', '2023/04/29', '3588.21'),
('127', '470', '2023/12/01', '1722.23'),
('128', '203', '2023/05/10', '1457.6'),
('129', '145', '2022/08/30', '1029.72'),
('130', '386', '2022/07/22', '4459.11'),
('131', '393', '2023/08/16', '930.51'),
('132', '196', '2023/12/03', '3715.93'),
('133', '460', '2022/03/17', '1090.69'),
('134', '26', '2022/04/13', '4590.05'),
('135', '401', '2023/07/13', '3581.6'),
('136', '26', '2023/11/06', '4636.87'),
('137', '39', '2022/10/16', '2696.99'),
('138', '79', '2022/12/03', '2152.16'),
('139', '173', '2023/06/09', '4429.23'),
('140', '118', '2022/02/17', '252.59'),
('141', '102', '2023/04/23', '4544.35'),
('142', '55', '2022/03/17', '2368.5'),
('143', '288', '2023/10/30', '1388.28'),
('144', '53', '2022/03/13', '4381.02'),
('145', '342', '2022/08/10', '3694.95'),
('146', '9', '2022/09/08', '4556.32'),
('147', '443', '2022/03/24', '4133.51'),
('148', '297', '2022/06/20', '3432'),
('149', '442', '2023/03/07', '2230.32'),
('150', '121', '2023/05/22', '594.29'),
('151', '57', '2022/01/01', '248.25'),
('152', '27', '2022/08/15', '4422.08'),
('153', '246', '2023/07/12', '1304.13'),
('154', '152', '2022/04/16', '365.75'),
('155', '414', '2023/07/19', '2994.76'),
('156', '190', '2023/02/05', '3323.48'),
('157', '436', '2022/10/14', '718.51'),
('158', '86', '2022/01/12', '605.9'),
('159', '365', '2023/03/08', '149.01'),
('160', '22', '2023/07/21', '3264.41'),
('161', '364', '2023/08/27', '2900.52'),
('162', '180', '2023/05/21', '2162.74'),
('163', '383', '2022/08/06', '3035.74'),
('164', '483', '2023/06/09', '3118.95'),
('165', '31', '2023/10/31', '2748.51'),
('166', '242', '2023/05/18', '398.5'),
('167', '193', '2023/06/28', '2110.49'),
('168', '217', '2022/06/13', '123.59'),
('169', '162', '2023/05/04', '3215.76'),
('170', '213', '2022/01/28', '2017.78'),
('171', '252', '2022/01/23', '3488.04'),
('172', '177', '2022/10/27', '3236.82'),
('173', '124', '2022/01/14', '4048'),
('174', '21', '2022/07/14', '1527.34'),
('175', '295', '2022/07/12', '31.84'),
('176', '265', '2023/01/23', '2051.95'),
('177', '485', '2022/07/14', '3848.51'),
('178', '412', '2023/09/30', '825.09'),
('179', '83', '2023/02/28', '2802.22'),
('180', '120', '2022/04/26', '3252.43'),
('181', '344', '2022/06/09', '1436.89'),
('182', '58', '2022/02/02', '3936.53'),
('183', '183', '2023/08/10', '82.92'),
('184', '318', '2023/01/08', '1576.83'),
('185', '257', '2023/08/22', '2538.13'),
('186', '325', '2023/10/21', '4512.44'),
('187', '312', '2023/12/07', '32.51'),
('188', '205', '2022/01/10', '2628.26'),
('189', '315', '2023/07/26', '184.25'),
('190', '317', '2023/06/19', '438.33'),
('191', '122', '2022/12/06', '3214.61'),
('192', '447', '2022/09/19', '4435.5'),
('193', '137', '2022/03/07', '2763.27'),
('194', '139', '2022/08/23', '400.68'),
('195', '466', '2022/10/31', '2571.07'),
('196', '323', '2023/09/14', '507.82'),
('197', '176', '2022/09/03', '674.94'),
('198', '390', '2023/02/01', '3438.45'),
('199', '231', '2023/11/28', '4896.72'),
('200', '295', '2023/04/18', '2321.9'),
('201', '162', '2022/04/05', '872.12'),
('202', '156', '2022/09/01', '1083.02'),
('203', '196', '2023/12/14', '718.54'),
('204', '216', '2021/12/28', '2082.52'),
('205', '459', '2022/11/09', '4337.79'),
('206', '160', '2023/03/11', '3807.72'),
('207', '67', '2022/03/16', '2012.48'),
('208', '448', '2022/06/01', '3725.5'),
('209', '95', '2022/06/29', '3687.33'),
('210', '440', '2022/04/11', '602.14'),
('211', '58', '2022/12/06', '1333.04'),
('212', '74', '2023/09/11', '4193.88'),
('213', '161', '2023/04/30', '3672.66'),
('214', '157', '2023/07/31', '4435.08'),
('215', '37', '2022/02/02', '3604.4'),
('216', '494', '2023/02/16', '4558.9'),
('217', '405', '2023/04/25', '4267.52'),
('218', '147', '2023/04/26', '3325.68'),
('219', '130', '2022/06/27', '4480.75'),
('220', '427', '2022/04/26', '1243.15'),
('221', '318', '2023/08/30', '2641.35'),
('222', '142', '2022/08/18', '740.6'),
('223', '456', '2022/12/18', '546.4'),
('224', '401', '2022/09/10', '3953.83'),
('225', '386', '2023/04/14', '1601.05'),
('226', '419', '2022/05/26', '3660.14'),
('227', '447', '2022/12/31', '1571.68'),
('228', '302', '2023/01/28', '1282.64'),
('229', '286', '2022/09/01', '2124.06'),
('230', '50', '2023/10/21', '2906.14'),
('231', '166', '2022/09/28', '4700.71'),
('232', '118', '2022/05/12', '3850.81'),
('233', '427', '2023/10/24', '3196.36'),
('234', '311', '2022/01/28', '2990.45'),
('235', '420', '2023/08/06', '593.18'),
('236', '343', '2023/03/07', '2084.01'),
('237', '162', '2022/11/07', '683.5'),
('238', '157', '2023/05/13', '1167.05'),
('239', '99', '2023/09/07', '2734.94'),
('240', '226', '2022/07/25', '2758.88'),
('241', '364', '2022/12/02', '4973.93'),
('242', '57', '2022/05/25', '411.25'),
('243', '205', '2023/12/25', '1163.85'),
('244', '235', '2023/09/26', '969.09'),
('245', '431', '2023/11/12', '4578.28'),
('246', '382', '2022/03/24', '2710.04'),
('247', '361', '2023/05/16', '4803.41'),
('248', '462', '2022/10/28', '3909.07'),
('249', '237', '2023/09/22', '4375.94'),
('250', '241', '2023/02/02', '2842.88'),
('251', '11', '2022/05/10', '4634.57'),
('252', '436', '2023/08/15', '2367.48'),
('253', '286', '2022/06/23', '3590.13'),
('254', '262', '2022/03/11', '3529.72'),
('255', '120', '2023/08/07', '479.65'),
('256', '207', '2023/10/10', '959.19'),
('257', '89', '2023/09/03', '2195.28'),
('258', '454', '2022/06/15', '2496.42'),
('259', '139', '2022/04/16', '2458.38'),
('260', '378', '2022/11/24', '2090.22'),
('261', '165', '2022/12/15', '86.12'),
('262', '500', '2022/07/07', '4340.77'),
('263', '120', '2022/07/08', '4861.42'),
('264', '334', '2022/05/28', '4650.12'),
('265', '483', '2022/10/01', '4722.05'),
('266', '172', '2023/10/15', '2017.53'),
('267', '149', '2023/08/04', '4238.99'),
('268', '108', '2023/07/14', '3206.05'),
('269', '395', '2023/08/27', '2770.47'),
('270', '199', '2022/06/06', '156.64'),
('271', '415', '2022/03/28', '560.45'),
('272', '259', '2022/06/19', '132.61'),
('273', '219', '2023/10/14', '4481.16'),
('274', '354', '2022/12/03', '1575.75'),
('275', '416', '2022/07/09', '1091.24'),
('276', '493', '2023/10/16', '2865.05'),
('277', '251', '2022/07/30', '2179.58'),
('278', '171', '2022/01/06', '1227.35'),
('279', '363', '2023/03/19', '2233.18'),
('280', '308', '2023/05/27', '811.27'),
('281', '3', '2023/08/24', '2608.39'),
('282', '243', '2022/05/30', '4011.01'),
('283', '300', '2023/04/06', '4603.38'),
('284', '106', '2022/03/29', '1102.11'),
('285', '443', '2023/10/31', '4797.17'),
('286', '166', '2023/10/14', '4770.03'),
('287', '282', '2023/12/11', '1545.1'),
('288', '310', '2022/04/15', '706.86'),
('289', '439', '2023/02/12', '3180.73'),
('290', '47', '2022/01/10', '2134.76'),
('291', '71', '2023/06/10', '2313.43'),
('292', '183', '2022/01/03', '2921.41'),
('293', '135', '2023/06/02', '1408.04'),
('294', '135', '2022/06/27', '789.76'),
('295', '44', '2023/02/15', '1883.96'),
('296', '266', '2022/06/15', '1648.13'),
('297', '341', '2023/11/19', '2279.3'),
('298', '151', '2023/02/21', '211.16'),
('299', '472', '2022/02/16', '1964.12'),
('300', '391', '2023/02/26', '2250.79'),
('301', '72', '2022/10/24', '869.58'),
('302', '408', '2022/03/11', '1897.47'),
('303', '33', '2022/01/07', '4709.29'),
('304', '312', '2023/06/14', '1065.21'),
('305', '230', '2023/10/02', '2882.38'),
('306', '413', '2023/06/03', '819.91'),
('307', '43', '2023/04/01', '3470.75'),
('308', '86', '2023/09/19', '4958.61'),
('309', '468', '2022/07/24', '3321.37'),
('310', '463', '2022/01/01', '4262.36'),
('311', '62', '2023/12/01', '3899.5'),
('312', '380', '2022/10/31', '1638.64'),
('313', '138', '2022/06/24', '4255.41'),
('314', '332', '2022/09/30', '485.49'),
('315', '304', '2022/03/30', '1725.13'),
('316', '263', '2023/05/18', '2463.74'),
('317', '323', '2023/01/20', '4563.01'),
('318', '83', '2022/10/05', '1262.16'),
('319', '296', '2023/01/28', '2497.96'),
('320', '97', '2023/01/15', '2902.44'),
('321', '110', '2023/01/30', '114.05'),
('322', '496', '2023/02/01', '2402.29'),
('323', '412', '2023/08/14', '1104.44'),
('324', '172', '2023/08/19', '2329.1'),
('325', '226', '2023/07/21', '3868.55'),
('326', '148', '2023/12/04', '1442.65'),
('327', '413', '2023/09/09', '718.93'),
('328', '125', '2022/03/17', '3556.5'),
('329', '271', '2022/04/11', '4301'),
('330', '132', '2022/09/19', '1418.39'),
('331', '54', '2022/09/11', '4704.44'),
('332', '128', '2022/11/12', '3472.39'),
('333', '95', '2023/01/05', '1639.45'),
('334', '13', '2023/10/13', '197.25'),
('335', '72', '2023/02/22', '2739.73'),
('336', '171', '2022/03/09', '3343.17'),
('337', '267', '2023/07/25', '3898.95'),
('338', '139', '2022/04/16', '930.73'),
('339', '203', '2023/07/31', '933.84'),
('340', '122', '2023/11/15', '3605.35'),
('341', '433', '2022/05/16', '4642.12'),
('342', '157', '2023/09/22', '2479.2'),
('343', '71', '2023/10/21', '1937.08'),
('344', '90', '2022/11/17', '4875.92'),
('345', '213', '2022/04/20', '3907.27'),
('346', '227', '2023/10/17', '53.76'),
('347', '28', '2022/12/21', '4872.06'),
('348', '482', '2022/02/15', '3979.26'),
('349', '430', '2023/09/01', '2098.21'),
('350', '482', '2022/12/13', '2553.13'),
('351', '317', '2023/07/10', '3605.47'),
('352', '365', '2023/06/17', '325.12'),
('353', '323', '2023/06/09', '325.27'),
('354', '373', '2022/04/02', '3255.82'),
('355', '474', '2023/08/08', '1148.89'),
('356', '494', '2023/05/08', '4270.79'),
('357', '27', '2023/11/10', '2978.45'),
('358', '349', '2022/10/28', '3123.62'),
('359', '303', '2022/08/31', '4736.06'),
('360', '79', '2022/05/23', '3987.22'),
('361', '332', '2022/10/19', '2029.7'),
('362', '271', '2022/04/03', '4628.32'),
('363', '451', '2022/06/16', '1900.3'),
('364', '71', '2023/04/17', '4325.45'),
('365', '188', '2023/03/11', '3174.21'),
('366', '490', '2022/08/16', '1805.92'),
('367', '108', '2023/03/22', '1877.19'),
('368', '223', '2022/04/17', '4161.57'),
('369', '97', '2023/04/02', '2163.54'),
('370', '432', '2022/12/21', '3656.01'),
('371', '185', '2023/10/17', '2408.25'),
('372', '98', '2022/01/26', '4692.65'),
('373', '103', '2022/01/22', '738.26'),
('374', '132', '2022/05/24', '4251.03'),
('375', '120', '2022/05/16', '3463.74'),
('376', '21', '2023/02/09', '1106.82'),
('377', '122', '2023/04/26', '4208.95'),
('378', '15', '2023/03/21', '4532.41'),
('379', '185', '2022/09/27', '1979.71'),
('380', '479', '2022/01/23', '1252.29'),
('381', '243', '2022/11/13', '1739.83'),
('382', '99', '2022/09/28', '4792.73'),
('383', '362', '2022/10/20', '3008.82'),
('384', '366', '2022/10/17', '1433.6'),
('385', '191', '2023/11/17', '1855.21'),
('386', '177', '2022/04/08', '3715.62'),
('387', '288', '2023/04/18', '90.8'),
('388', '40', '2022/11/17', '528.19'),
('389', '159', '2023/01/05', '4211.29'),
('390', '279', '2023/04/24', '850.83'),
('391', '148', '2023/01/20', '706.65'),
('392', '139', '2022/04/26', '4461.12'),
('393', '452', '2023/01/15', '833.22'),
('394', '144', '2022/12/06', '3821.2'),
('395', '495', '2023/08/19', '479.87'),
('396', '232', '2023/08/28', '3040.17'),
('397', '252', '2023/05/04', '201.65'),
('398', '272', '2023/05/29', '2158.69'),
('399', '372', '2022/08/09', '697.49'),
('400', '298', '2022/01/16', '403.66'),
('401', '497', '2023/01/30', '2564.43'),
('402', '119', '2023/01/06', '791.49'),
('403', '184', '2023/07/18', '2612.4'),
('404', '471', '2023/02/16', '1250.07'),
('405', '65', '2022/04/10', '4226.31'),
('406', '441', '2023/06/23', '4540.86'),
('407', '147', '2023/09/04', '3803.97'),
('408', '472', '2023/12/26', '2629.87'),
('409', '200', '2023/04/03', '4283.53'),
('410', '449', '2022/07/26', '4299.45'),
('411', '47', '2023/11/24', '1782.76'),
('412', '9', '2022/07/06', '1875.45'),
('413', '485', '2023/06/27', '2741.2'),
('414', '192', '2022/03/09', '2222.91'),
('415', '53', '2023/09/11', '4999.04'),
('416', '202', '2023/01/17', '1527.27'),
('417', '353', '2022/08/16', '356.13'),
('418', '410', '2023/01/25', '1295.45'),
('419', '335', '2023/03/16', '1396.14'),
('420', '148', '2023/02/12', '3054.3'),
('421', '274', '2023/04/01', '43.6'),
('422', '106', '2023/12/09', '864.77'),
('423', '231', '2022/12/25', '195.46'),
('424', '398', '2023/06/24', '2715.73'),
('425', '386', '2023/05/24', '562.14'),
('426', '300', '2023/12/14', '450.06'),
('427', '206', '2022/07/31', '857.88'),
('428', '375', '2022/02/23', '1808.9'),
('429', '356', '2022/08/16', '3754.44'),
('430', '134', '2021/12/30', '51.62'),
('431', '208', '2023/12/23', '1264.83'),
('432', '249', '2022/07/16', '987.9'),
('433', '177', '2022/04/09', '3960.3'),
('434', '369', '2022/09/17', '4224.76'),
('435', '232', '2022/01/30', '4424.08'),
('436', '224', '2022/10/10', '516.8'),
('437', '236', '2022/05/10', '2258.73'),
('438', '14', '2022/01/18', '1246.98'),
('439', '423', '2023/08/30', '2345.4'),
('440', '230', '2022/12/06', '2786.72'),
('441', '444', '2023/10/29', '4408.27'),
('442', '113', '2023/11/19', '2966.03'),
('443', '134', '2022/10/14', '2561.79'),
('444', '16', '2023/12/08', '56.07'),
('445', '404', '2023/07/15', '4587.44'),
('446', '269', '2023/01/01', '3825.99'),
('447', '121', '2023/06/11', '4100.42'),
('448', '156', '2023/12/15', '664.08'),
('449', '399', '2023/03/11', '3263.16'),
('450', '98', '2023/11/18', '2930.43'),
('451', '16', '2022/09/12', '1004.17'),
('452', '10', '2023/11/15', '1792.39'),
('453', '84', '2023/07/16', '1226.28'),
('454', '65', '2023/07/30', '3628.23'),
('455', '160', '2022/09/16', '2343.24'),
('456', '401', '2022/11/11', '4776.82'),
('457', '82', '2023/04/13', '1182.02'),
('458', '211', '2023/03/13', '3142.33'),
('459', '33', '2022/08/01', '113.59'),
('460', '112', '2022/10/19', '1077.77'),
('461', '363', '2022/08/01', '4083.98'),
('462', '124', '2023/07/09', '4137.71'),
('463', '409', '2022/11/27', '2619.27'),
('464', '427', '2023/05/03', '3846.89'),
('465', '449', '2022/05/02', '3344.43'),
('466', '268', '2023/01/07', '3340.46'),
('467', '227', '2022/08/03', '3828.16'),
('468', '361', '2022/02/26', '1753.89'),
('469', '380', '2022/08/29', '2235.72'),
('470', '332', '2022/06/18', '1502.94'),
('471', '44', '2023/10/23', '4782.02'),
('472', '237', '2023/08/20', '161.96'),
('473', '174', '2023/05/02', '656.37'),
('474', '224', '2022/04/04', '2652.88'),
('475', '86', '2023/08/09', '3324.89'),
('476', '221', '2023/05/01', '695.67'),
('477', '298', '2022/11/19', '1477.81'),
('478', '247', '2022/02/01', '4376.81'),
('479', '230', '2023/02/27', '3945.53'),
('480', '282', '2022/07/03', '1568.52'),
('481', '241', '2022/03/31', '622.22'),
('482', '467', '2022/07/28', '2252.63'),
('483', '12', '2022/10/11', '161.73'),
('484', '45', '2022/05/31', '3102.73'),
('485', '235', '2023/05/17', '4272.37'),
('486', '62', '2023/04/30', '125.44'),
('487', '75', '2023/04/04', '4931.12'),
('488', '469', '2022/03/22', '4179.02'),
('489', '312', '2022/02/04', '4756.29'),
('490', '149', '2022/07/31', '1211.71'),
('491', '319', '2022/01/08', '1268.15'),
('492', '398', '2023/03/10', '3248.32'),
('493', '398', '2022/09/11', '1578.2'),
('494', '143', '2022/10/20', '2704.11'),
('495', '246', '2023/09/07', '2277.32'),
('496', '124', '2022/10/10', '3750.91'),
('497', '195', '2022/08/29', '435.81'),
('498', '136', '2022/05/05', '2002.79'),
('499', '19', '2022/09/16', '812.61'),
('500', '29', '2023/05/25', '3849.8');

---InsertOrderDetails
SELECT * FROM OrderDetails;
INSERT INTO Orderdetails(OrderDetailID, OrderID, ProductID, Quantity, UnitPrice) VALUES
('1', '141', '418', '9', '180.1'),
('2', '261', '250', '7', '444.56'),
('3', '381', '43', '3', '29.97'),
('4', '149', '423', '5', '426.91'),
('5', '324', '377', '7', '965'),
('6', '4', '89', '8', '659.14'),
('7', '116', '36', '8', '868.53'),
('8', '299', '212', '3', '465.99'),
('9', '343', '380', '4', '806.88'),
('10', '444', '270', '9', '576.96'),
('11', '25', '320', '8', '604.36'),
('12', '105', '340', '3', '508.35'),
('13', '183', '482', '6', '609.99'),
('14', '466', '332', '9', '700.69'),
('15', '126', '382', '9', '831.64'),
('16', '460', '169', '1', '554.45'),
('17', '481', '141', '7', '344.52'),
('18', '136', '278', '3', '280.94'),
('19', '233', '341', '3', '253.93'),
('20', '138', '229', '2', '764.01'),
('21', '341', '281', '1', '498.71'),
('22', '5', '271', '10', '218.2'),
('23', '18', '498', '7', '649.07'),
('24', '188', '383', '9', '145.65'),
('25', '204', '293', '4', '490.15'),
('26', '245', '425', '2', '931.09'),
('27', '386', '77', '9', '327.3'),
('28', '111', '42', '3', '909.19'),
('29', '80', '232', '9', '850.28'),
('30', '345', '385', '4', '751.8'),
('31', '116', '374', '10', '200.89'),
('32', '223', '395', '2', '62.8'),
('33', '325', '61', '1', '231.83'),
('34', '29', '30', '5', '927.9'),
('35', '159', '110', '3', '497.9'),
('36', '499', '164', '1', '342.44'),
('37', '480', '322', '2', '588.19'),
('38', '151', '403', '4', '716.45'),
('39', '473', '293', '9', '915.34'),
('40', '206', '218', '9', '262.97'),
('41', '73', '181', '4', '329.16'),
('42', '489', '220', '6', '42.08'),
('43', '165', '219', '10', '915.17'),
('44', '415', '82', '1', '471.51'),
('45', '315', '246', '10', '557.98'),
('46', '79', '227', '5', '107.58'),
('47', '228', '283', '9', '593.35'),
('48', '338', '132', '8', '437.36'),
('49', '189', '388', '9', '583.11'),
('50', '343', '497', '1', '753.89'),
('51', '365', '108', '9', '733.45'),
('52', '312', '345', '3', '917.07'),
('53', '329', '93', '1', '528.35'),
('54', '444', '415', '5', '841.12'),
('55', '480', '37', '4', '619.96'),
('56', '411', '366', '9', '824.86'),
('57', '34', '237', '5', '569.32'),
('58', '100', '281', '6', '369.54'),
('59', '312', '330', '9', '480.19'),
('60', '308', '387', '3', '464.66'),
('61', '96', '336', '9', '539.1'),
('62', '497', '2', '3', '763.59'),
('63', '14', '264', '2', '36.52'),
('64', '337', '159', '10', '988.31'),
('65', '315', '73', '6', '887.13'),
('66', '16', '351', '6', '715.91'),
('67', '343', '279', '2', '529.86'),
('68', '76', '242', '9', '869.74'),
('69', '145', '482', '6', '393.53'),
('70', '332', '131', '7', '975.26'),
('71', '74', '397', '5', '424.92'),
('72', '486', '193', '7', '735.06'),
('73', '55', '19', '10', '877.47'),
('74', '463', '199', '9', '507.62'),
('75', '348', '120', '10', '353.01'),
('76', '486', '79', '10', '769.01'),
('77', '172', '230', '6', '874.96'),
('78', '359', '211', '6', '667.52'),
('79', '220', '496', '1', '310.84'),
('80', '120', '338', '4', '224.57'),
('81', '495', '224', '7', '792.68'),
('82', '407', '121', '2', '74.21'),
('83', '440', '466', '4', '987.13'),
('84', '321', '483', '3', '275.14'),
('85', '163', '77', '9', '264.27'),
('86', '113', '489', '5', '486.51'),
('87', '32', '102', '10', '349.49'),
('88', '409', '325', '1', '131.16'),
('89', '180', '153', '8', '533.51'),
('90', '467', '196', '7', '500.41'),
('91', '376', '352', '10', '724.09'),
('92', '302', '163', '5', '354.26'),
('93', '142', '426', '9', '276.04'),
('94', '120', '355', '10', '405.86'),
('95', '312', '354', '5', '522.96'),
('96', '405', '184', '1', '734.63'),
('97', '185', '329', '3', '19.29'),
('98', '79', '484', '10', '226.13'),
('99', '261', '224', '2', '832.79'),
('100', '410', '453', '1', '629.62'),
('101', '468', '318', '1', '89.32'),
('102', '14', '343', '3', '810.12'),
('103', '90', '150', '8', '675.41'),
('104', '407', '295', '8', '47.34'),
('105', '320', '377', '3', '602.24'),
('106', '2', '424', '10', '833.96'),
('107', '96', '309', '8', '982.43'),
('108', '131', '394', '4', '133.91'),
('109', '485', '188', '3', '664.15'),
('110', '301', '87', '2', '917.7'),
('111', '498', '496', '5', '157.47'),
('112', '22', '178', '1', '28.69'),
('113', '56', '164', '9', '787.8'),
('114', '143', '406', '8', '689.99'),
('115', '45', '31', '2', '12.23'),
('116', '430', '99', '1', '707.34'),
('117', '328', '306', '5', '20.35'),
('118', '318', '177', '4', '82.02'),
('119', '462', '399', '7', '876.22'),
('120', '200', '406', '10', '755.61'),
('121', '275', '311', '9', '525.53'),
('122', '104', '428', '1', '264.43'),
('123', '452', '9', '9', '957.86'),
('124', '243', '487', '4', '350.81'),
('125', '446', '457', '3', '813.21'),
('126', '402', '254', '1', '530.5'),
('127', '238', '385', '5', '825.74'),
('128', '198', '12', '10', '632.52'),
('129', '175', '352', '6', '530.34'),
('130', '394', '126', '1', '371.59'),
('131', '153', '451', '8', '77.33'),
('132', '100', '399', '3', '386.04'),
('133', '5', '23', '8', '815.03'),
('134', '417', '73', '9', '940.05'),
('135', '390', '220', '1', '58.12'),
('136', '52', '235', '7', '708.28'),
('137', '310', '24', '1', '642.74'),
('138', '116', '384', '6', '90.8'),
('139', '18', '381', '7', '985.59'),
('140', '409', '41', '3', '340.38'),
('141', '222', '164', '6', '241.51'),
('142', '321', '187', '9', '636.4'),
('143', '473', '105', '8', '817.95'),
('144', '396', '42', '1', '281.13'),
('145', '255', '137', '3', '291.99'),
('146', '439', '286', '7', '178.62'),
('147', '279', '177', '10', '140.46'),
('148', '152', '326', '5', '428.6'),
('149', '452', '182', '9', '338.07'),
('150', '22', '343', '8', '918.11'),
('151', '412', '265', '6', '294.68'),
('152', '116', '107', '10', '126.88'),
('153', '255', '232', '9', '867.11'),
('154', '336', '352', '4', '891.77'),
('155', '209', '483', '10', '102.06'),
('156', '313', '324', '9', '742.99'),
('157', '180', '248', '4', '363.47'),
('158', '206', '221', '2', '515.59'),
('159', '10', '1', '9', '773.2'),
('160', '46', '333', '7', '952.6'),
('161', '421', '319', '2', '974.12'),
('162', '148', '191', '4', '997.59'),
('163', '187', '269', '3', '961.21'),
('164', '399', '488', '7', '591.61'),
('165', '402', '367', '9', '808.59'),
('166', '434', '255', '1', '221.36'),
('167', '346', '33', '7', '585.19'),
('168', '91', '352', '9', '221.84'),
('169', '31', '6', '5', '804.1'),
('170', '356', '425', '7', '353.12'),
('171', '275', '136', '1', '835.85'),
('172', '336', '37', '7', '348.6'),
('173', '122', '408', '7', '307.09'),
('174', '469', '158', '2', '594.67'),
('175', '238', '294', '10', '974.13'),
('176', '354', '344', '10', '497.98'),
('177', '414', '246', '6', '512.53'),
('178', '280', '251', '7', '816.28'),
('179', '120', '56', '6', '108.56'),
('180', '426', '263', '4', '893'),
('181', '132', '224', '9', '61.65'),
('182', '394', '218', '5', '779.54'),
('183', '15', '321', '4', '900.8'),
('184', '491', '230', '3', '64.64'),
('185', '309', '357', '3', '483.43'),
('186', '462', '59', '6', '305.44'),
('187', '257', '282', '1', '212.05'),
('188', '42', '354', '1', '861.82'),
('189', '134', '399', '9', '935.65'),
('190', '403', '341', '1', '590.76'),
('191', '64', '373', '3', '329.13'),
('192', '178', '394', '1', '784.31'),
('193', '98', '121', '10', '313.52'),
('194', '177', '82', '7', '926.88'),
('195', '214', '189', '9', '642.7'),
('196', '308', '66', '6', '38.26'),
('197', '475', '79', '1', '393.82'),
('198', '449', '98', '1', '864.4'),
('199', '306', '258', '9', '263.84'),
('200', '16', '207', '4', '208.47'),
('201', '354', '67', '6', '691.62'),
('202', '239', '445', '8', '23.89'),
('203', '47', '307', '4', '382.54'),
('204', '172', '166', '8', '628.63'),
('205', '130', '337', '1', '270.05'),
('206', '188', '244', '8', '884.34'),
('207', '205', '46', '1', '458.59'),
('208', '249', '218', '2', '699.8'),
('209', '389', '101', '4', '965.39'),
('210', '302', '47', '4', '808.38'),
('211', '461', '362', '6', '189.06'),
('212', '222', '319', '7', '36.8'),
('213', '256', '133', '2', '475.19'),
('214', '212', '164', '9', '642.32'),
('215', '160', '264', '1', '983.09'),
('216', '351', '341', '4', '65.72'),
('217', '71', '63', '9', '645.56'),
('218', '173', '400', '7', '225.81'),
('219', '436', '113', '3', '352.18'),
('220', '441', '338', '3', '369.1'),
('221', '176', '320', '9', '372.75'),
('222', '63', '157', '1', '259.02'),
('223', '384', '225', '6', '189.28'),
('224', '354', '212', '4', '886.6'),
('225', '18', '441', '4', '236.26'),
('226', '224', '312', '8', '623.43'),
('227', '318', '36', '10', '56.64'),
('228', '483', '303', '4', '857.76'),
('229', '391', '352', '1', '213.63'),
('230', '302', '87', '10', '201.24'),
('231', '276', '473', '3', '121.37'),
('232', '467', '3', '6', '705.86'),
('233', '120', '282', '1', '626.17'),
('234', '163', '78', '10', '510.2'),
('235', '118', '375', '3', '676.04'),
('236', '401', '419', '2', '477.98'),
('237', '34', '358', '5', '309.54'),
('238', '336', '359', '5', '629.12'),
('239', '8', '471', '5', '729.91'),
('240', '108', '419', '4', '463.91'),
('241', '362', '142', '9', '268.88'),
('242', '147', '337', '3', '403.97'),
('243', '219', '500', '2', '626.79'),
('244', '281', '180', '3', '145.55'),
('245', '239', '8', '1', '857.91'),
('246', '400', '195', '9', '603.28'),
('247', '278', '232', '9', '419.65'),
('248', '195', '13', '8', '174.02'),
('249', '470', '328', '1', '422.37'),
('250', '190', '270', '8', '346.59'),
('251', '389', '424', '9', '511.11'),
('252', '29', '309', '4', '640.43'),
('253', '381', '423', '5', '413.84'),
('254', '16', '447', '10', '971.03'),
('255', '407', '145', '9', '603.31'),
('256', '465', '315', '6', '530.77'),
('257', '21', '28', '8', '490.46'),
('258', '237', '131', '1', '464.32'),
('259', '97', '265', '1', '35.07'),
('260', '139', '325', '1', '971.77'),
('261', '248', '53', '4', '161.97'),
('262', '411', '180', '8', '690.88'),
('263', '335', '181', '9', '532.95'),
('264', '273', '256', '9', '575.23'),
('265', '362', '351', '2', '422.11'),
('266', '471', '256', '1', '501.77'),
('267', '477', '318', '2', '997.36'),
('268', '58', '210', '7', '327.51'),
('269', '293', '205', '8', '652.8'),
('270', '10', '1', '6', '926.79'),
('271', '113', '280', '7', '873.42'),
('272', '273', '446', '6', '693.06'),
('273', '123', '124', '9', '367.09'),
('274', '10', '439', '9', '114.99'),
('275', '59', '327', '10', '734.66'),
('276', '335', '132', '10', '358.1'),
('277', '236', '217', '10', '809.13'),
('278', '34', '33', '3', '872.12'),
('279', '337', '271', '10', '379.16'),
('280', '488', '10', '4', '807.59'),
('281', '444', '267', '10', '426.22'),
('282', '469', '50', '4', '951.82'),
('283', '108', '445', '5', '667.19'),
('284', '392', '227', '5', '997.2'),
('285', '304', '20', '10', '701.72'),
('286', '312', '59', '1', '184.53'),
('287', '461', '84', '8', '346.08'),
('288', '101', '60', '4', '454.13'),
('289', '400', '138', '3', '737.2'),
('290', '12', '473', '7', '708.88'),
('291', '466', '386', '7', '252.97'),
('292', '190', '471', '10', '956.22'),
('293', '264', '304', '2', '84.29'),
('294', '434', '489', '6', '277.55'),
('295', '134', '89', '9', '817.43'),
('296', '234', '162', '6', '766.22'),
('297', '461', '9', '10', '510.16'),
('298', '251', '331', '1', '431.52'),
('299', '128', '308', '8', '592.16'),
('300', '118', '129', '3', '980.48'),
('301', '106', '16', '5', '134.09'),
('302', '465', '490', '2', '156.48'),
('303', '73', '425', '3', '332.98'),
('304', '314', '414', '3', '146.25'),
('305', '393', '137', '9', '453.47'),
('306', '373', '427', '6', '242.09'),
('307', '63', '169', '6', '356'),
('308', '437', '465', '3', '351.96'),
('309', '378', '340', '3', '27.69'),
('310', '133', '288', '5', '426.54'),
('311', '127', '481', '1', '459.1'),
('312', '243', '257', '5', '152.61'),
('313', '188', '151', '7', '639.2'),
('314', '210', '52', '8', '899.82'),
('315', '340', '49', '6', '452.91'),
('316', '2', '167', '9', '432.74'),
('317', '270', '162', '3', '528.16'),
('318', '158', '289', '9', '885.82'),
('319', '159', '116', '2', '946.95'),
('320', '499', '378', '5', '249.57'),
('321', '152', '305', '5', '258.08'),
('322', '473', '99', '5', '529.77'),
('323', '50', '56', '7', '304.58'),
('324', '455', '473', '3', '142.68'),
('325', '47', '287', '2', '400.86'),
('326', '162', '267', '4', '344.02'),
('327', '458', '398', '2', '592.73'),
('328', '64', '123', '10', '405.3'),
('329', '279', '448', '9', '164.99'),
('330', '356', '46', '2', '278.6'),
('331', '288', '198', '1', '640.86'),
('332', '226', '390', '7', '278.25'),
('333', '286', '84', '3', '391.36'),
('334', '168', '295', '6', '686.89'),
('335', '432', '15', '5', '62.13'),
('336', '472', '106', '7', '38.96'),
('337', '14', '326', '5', '795.42'),
('338', '296', '443', '5', '735.66'),
('339', '212', '360', '2', '607.47'),
('340', '21', '164', '8', '581.41'),
('341', '339', '229', '10', '951.77'),
('342', '292', '424', '1', '314.97'),
('343', '143', '158', '4', '992.15'),
('344', '247', '283', '4', '237.09'),
('345', '302', '194', '3', '225.77'),
('346', '327', '313', '7', '713.46'),
('347', '418', '124', '9', '562.94'),
('348', '164', '354', '5', '767.03'),
('349', '190', '115', '3', '745.11'),
('350', '278', '29', '6', '131.78'),
('351', '71', '126', '6', '168.31'),
('352', '97', '49', '6', '633.16'),
('353', '362', '166', '9', '293.98'),
('354', '476', '366', '9', '936.09'),
('355', '447', '362', '3', '80.43'),
('356', '19', '146', '9', '19.76'),
('357', '227', '110', '1', '910.55'),
('358', '2', '92', '4', '950.29'),
('359', '209', '95', '8', '539'),
('360', '129', '339', '5', '976.95'),
('361', '236', '105', '1', '996.08'),
('362', '297', '489', '9', '327.85'),
('363', '124', '465', '7', '18.33'),
('364', '156', '498', '10', '568.43'),
('365', '487', '383', '2', '370.44'),
('366', '115', '217', '3', '518.4'),
('367', '47', '440', '2', '87.46'),
('368', '466', '152', '9', '950.34'),
('369', '48', '438', '6', '812.62'),
('370', '436', '161', '8', '92.32'),
('371', '450', '20', '3', '517.14'),
('372', '218', '77', '6', '452.28'),
('373', '410', '432', '5', '171.29'),
('374', '371', '101', '3', '308.87'),
('375', '46', '93', '7', '899.17'),
('376', '284', '416', '10', '952.47'),
('377', '417', '89', '2', '587.87'),
('378', '244', '254', '3', '297.72'),
('379', '291', '469', '4', '587.07'),
('380', '46', '383', '10', '407.9'),
('381', '310', '107', '4', '49.01'),
('382', '35', '436', '4', '488.55'),
('383', '254', '93', '2', '180.66'),
('384', '54', '450', '7', '258.67'),
('385', '56', '39', '4', '782.06'),
('386', '41', '321', '1', '678.81'),
('387', '380', '154', '5', '582.56'),
('388', '287', '435', '5', '606.66'),
('389', '35', '395', '2', '993.88'),
('390', '421', '314', '2', '650.76'),
('391', '426', '157', '7', '651.43'),
('392', '23', '425', '3', '853.96'),
('393', '49', '219', '1', '265.43'),
('394', '405', '322', '4', '207.07'),
('395', '296', '57', '7', '817.78'),
('396', '188', '107', '6', '894.04'),
('397', '291', '405', '2', '576.41'),
('398', '474', '448', '7', '428.23'),
('399', '289', '436', '9', '549.72'),
('400', '170', '303', '1', '593.09'),
('401', '294', '78', '6', '448.67'),
('402', '454', '356', '5', '790.74'),
('403', '318', '49', '7', '591.07'),
('404', '111', '294', '6', '67.09'),
('405', '144', '14', '9', '613.04'),
('406', '84', '5', '6', '18.34'),
('407', '128', '321', '4', '133.87'),
('408', '427', '224', '4', '80.77'),
('409', '200', '185', '5', '596.96'),
('410', '46', '216', '4', '603.12'),
('411', '468', '312', '4', '41.64'),
('412', '345', '20', '9', '192.15'),
('413', '485', '164', '7', '161.52'),
('414', '479', '431', '1', '894.48'),
('415', '20', '35', '1', '493.15'),
('416', '292', '289', '8', '993.61'),
('417', '334', '20', '3', '743.61'),
('418', '257', '485', '1', '449.23'),
('419', '374', '280', '5', '886.47'),
('420', '467', '460', '2', '918.88'),
('421', '322', '258', '7', '334.09'),
('422', '17', '103', '7', '415.73'),
('423', '129', '70', '9', '661.23'),
('424', '187', '78', '10', '280.94'),
('425', '222', '121', '9', '931.94'),
('426', '23', '249', '8', '605.74'),
('427', '388', '225', '4', '954.47'),
('428', '495', '452', '9', '851.31'),
('429', '134', '490', '8', '176.68'),
('430', '42', '179', '8', '829.7'),
('431', '333', '100', '8', '215.32'),
('432', '334', '344', '4', '131.37'),
('433', '291', '348', '8', '419.53'),
('434', '359', '477', '10', '727.54'),
('435', '253', '268', '9', '840.75'),
('436', '336', '229', '4', '728.39'),
('437', '135', '63', '1', '551.35'),
('438', '184', '318', '3', '546.34'),
('439', '47', '79', '4', '211.52'),
('440', '456', '407', '7', '67.67'),
('441', '302', '435', '8', '49.99'),
('442', '319', '483', '5', '246.56'),
('443', '272', '422', '5', '132.27'),
('444', '197', '30', '1', '869.27'),
('445', '483', '204', '9', '505.93'),
('446', '256', '212', '6', '886.85'),
('447', '438', '4', '1', '447.62'),
('448', '234', '72', '7', '548.58'),
('449', '371', '114', '4', '30.32'),
('450', '197', '85', '6', '984.05'),
('451', '267', '189', '10', '599.56'),
('452', '110', '291', '9', '460.74'),
('453', '227', '137', '10', '537.17'),
('454', '458', '492', '4', '211.77'),
('455', '387', '159', '5', '920.25'),
('456', '34', '237', '10', '444.96'),
('457', '167', '110', '4', '757.33'),
('458', '181', '127', '1', '249.93'),
('459', '337', '421', '4', '223.23'),
('460', '222', '142', '2', '710.1'),
('461', '207', '73', '3', '416.2'),
('462', '122', '446', '10', '185.85'),
('463', '9', '227', '2', '772.87'),
('464', '418', '202', '2', '549.95'),
('465', '60', '76', '4', '894.74'),
('466', '352', '148', '3', '561.47'),
('467', '410', '337', '10', '319.11'),
('468', '248', '90', '7', '253.82'),
('469', '492', '119', '6', '836.81'),
('470', '483', '89', '7', '457.34'),
('471', '287', '95', '2', '927.51'),
('472', '398', '272', '3', '536.92'),
('473', '442', '468', '1', '98.86'),
('474', '148', '280', '8', '648.63'),
('475', '319', '218', '5', '24.09'),
('476', '4', '458', '8', '804.45'),
('477', '110', '18', '10', '862.44'),
('478', '32', '170', '3', '97.47'),
('479', '456', '365', '8', '375.52'),
('480', '413', '202', '6', '377.88'),
('481', '349', '451', '3', '340.66'),
('482', '41', '296', '2', '90.5'),
('483', '204', '298', '7', '814.4'),
('484', '172', '469', '10', '31.01'),
('485', '425', '46', '7', '601.58'),
('486', '426', '131', '3', '426.34'),
('487', '411', '452', '9', '312.36'),
('488', '459', '126', '6', '231.89'),
('489', '161', '27', '10', '955.06'),
('490', '277', '114', '4', '841.76'),
('491', '195', '434', '4', '812.01'),
('492', '337', '34', '7', '770'),
('493', '397', '123', '1', '593.17'),
('494', '10', '288', '1', '616.8'),
('495', '62', '297', '1', '39.33'),
('496', '192', '236', '5', '948.12'),
('497', '215', '178', '4', '37.5'),
('498', '197', '442', '9', '625.65'),
('499', '309', '173', '3', '951.49'),
('500', '178', '261', '8', '123.91');

---InsertProducts
SELECT * FROM Products;
INSERT INTO products(ProductID, Name, Category, Price, SupplierID, StockQuantity) VALUES
('1', 'Author', 'Home & Garden', '999.99', '82', '743'),
('2', 'Finally', 'Home & Garden', '331.85', '70', '403'),
('3', 'Consider', 'Electronics', '638.36', '56', '695'),
('4', 'Fall', 'Books', '589.26', '30', '290'),
('5', 'Difference', 'Electronics', '973.85', '41', '30'),
('6', 'World', 'Electronics', '786.19', '28', '431'),
('7', 'Reveal', 'Electronics', '995.7', '75', '967'),
('8', 'Enter', 'Books', '651.08', '89', '221'),
('9', 'International', 'Electronics', '321.27', '16', '228'),
('10', 'Reveal', 'Toys & Games', '311.28', '23', '249'),
('11', 'Without', 'Electronics', '783.55', '78', '476'),
('12', 'Report', 'Home & Garden', '443.82', '79', '796'),
('13', 'Paper', 'Books', '532.53', '22', '512'),
('14', 'Side', 'Toys & Games', '884.55', '2', '522'),
('15', 'Away', 'Books', '814.21', '46', '166'),
('16', 'Be', 'Home & Garden', '802.58', '60', '919'),
('17', 'Work', 'Clothing', '527.99', '35', '114'),
('18', 'College', 'Home & Garden', '607.38', '84', '574'),
('19', 'Prevent', 'Books', '364.87', '18', '259'),
('20', 'Return', 'Electronics', '910.32', '66', '534'),
('21', 'Soon', 'Toys & Games', '539.33', '60', '480'),
('22', 'Base', 'Electronics', '800.39', '51', '523'),
('23', 'Sport', 'Clothing', '129.86', '82', '421'),
('24', 'Seek', 'Clothing', '709.53', '65', '428'),
('25', 'Real', 'Clothing', '390.82', '73', '442'),
('26', 'Phone', 'Books', '426.76', '54', '894'),
('27', 'Artist', 'Toys & Games', '524.33', '74', '696'),
('28', 'Series', 'Toys & Games', '451.88', '6', '212'),
('29', 'Lot', 'Electronics', '466.78', '53', '784'),
('30', 'Wonder', 'Toys & Games', '359.54', '5', '935'),
('31', 'Visit', 'Books', '650.05', '59', '74'),
('32', 'Themselves', 'Books', '977.36', '2', '503'),
('33', 'Hit', 'Toys & Games', '454.68', '57', '200'),
('34', 'Enough', 'Toys & Games', '49.4', '28', '32'),
('35', 'Take', 'Books', '614.23', '54', '801'),
('36', 'Pass', 'Home & Garden', '496.97', '30', '263'),
('37', 'Recognize', 'Toys & Games', '267.77', '54', '953'),
('38', 'Chair', 'Clothing', '835.32', '89', '113'),
('39', 'Great', 'Electronics', '131.68', '89', '496'),
('40', 'Another', 'Electronics', '633.13', '17', '896'),
('41', 'Current', 'Home & Garden', '632.22', '91', '590'),
('42', 'Over', 'Toys & Games', '624.24', '45', '431'),
('43', 'Push', 'Toys & Games', '966.73', '28', '561'),
('44', 'Attorney', 'Clothing', '580.31', '4', '839'),
('45', 'Country', 'Home & Garden', '323.96', '85', '324'),
('46', 'Person', 'Clothing', '224.32', '19', '142'),
('47', 'Organization', 'Clothing', '557.77', '53', '934'),
('48', 'Break', 'Clothing', '210.14', '52', '52'),
('49', 'Agency', 'Clothing', '435.1', '85', '237'),
('50', 'Sometimes', 'Toys & Games', '67.38', '73', '809'),
('51', 'Reveal', 'Home & Garden', '218.9', '7', '376'),
('52', 'Else', 'Electronics', '129.26', '67', '384'),
('53', 'Republican', 'Electronics', '875.76', '90', '307'),
('54', 'Allow', 'Home & Garden', '87.41', '78', '717'),
('55', 'Suddenly', 'Electronics', '338.58', '42', '934'),
('56', 'She', 'Toys & Games', '922.15', '91', '921'),
('57', 'Series', 'Toys & Games', '255.1', '39', '85'),
('58', 'Impact', 'Home & Garden', '271.12', '51', '621'),
('59', 'Good', 'Toys & Games', '948.33', '72', '820'),
('60', 'Notice', 'Home & Garden', '504.97', '46', '187'),
('61', 'Study', 'Home & Garden', '592.82', '92', '304'),
('62', 'Artist', 'Books', '112.37', '36', '747'),
('63', 'Child', 'Home & Garden', '260.6', '10', '794'),
('64', 'Him', 'Toys & Games', '764.42', '14', '656'),
('65', 'Chair', 'Electronics', '626.35', '71', '625'),
('66', 'Environment', 'Books', '214.36', '22', '54'),
('67', 'Discover', 'Electronics', '407.13', '90', '702'),
('68', 'Yourself', 'Clothing', '909.25', '86', '406'),
('69', 'Receive', 'Home & Garden', '85.99', '67', '412'),
('70', 'Beautiful', 'Clothing', '240.45', '96', '851'),
('71', 'Write', 'Clothing', '158.45', '95', '197'),
('72', 'Energy', 'Electronics', '252.53', '89', '618'),
('73', 'Difference', 'Books', '830.85', '66', '821'),
('74', 'Know', 'Clothing', '413.45', '83', '938'),
('75', 'Garden', 'Clothing', '708.1', '29', '247'),
('76', 'Green', 'Clothing', '687.64', '95', '834'),
('77', 'Risk', 'Electronics', '687.95', '53', '493'),
('78', 'Course', 'Electronics', '418.45', '21', '496'),
('79', 'Rise', 'Clothing', '376.87', '12', '256'),
('80', 'Deep', 'Books', '274.94', '48', '842'),
('81', 'Success', 'Books', '541.69', '70', '638'),
('82', 'Fund', 'Electronics', '574.38', '79', '524'),
('83', 'Those', 'Electronics', '887.22', '41', '531'),
('84', 'Since', 'Clothing', '822.26', '14', '911'),
('85', 'Return', 'Electronics', '881.8', '52', '910'),
('86', 'Use', 'Books', '169.29', '29', '516'),
('87', 'By', 'Toys & Games', '769.45', '56', '177'),
('88', 'Either', 'Books', '744.4', '74', '441'),
('89', 'Avoid', 'Toys & Games', '708.64', '77', '464'),
('90', 'First', 'Clothing', '496.95', '38', '992'),
('91', 'Cold', 'Home & Garden', '333.79', '34', '439'),
('92', 'Fear', 'Home & Garden', '789.92', '93', '20'),
('93', 'Set', 'Clothing', '216.03', '53', '892'),
('94', 'Building', 'Electronics', '290.75', '76', '118'),
('95', 'Protect', 'Books', '886.76', '4', '778'),
('96', 'Change', 'Home & Garden', '49.01', '83', '542'),
('97', 'Year', 'Toys & Games', '333.48', '17', '665'),
('98', 'Other', 'Electronics', '233.79', '43', '885'),
('99', 'General', 'Toys & Games', '399.04', '49', '917'),
('100', 'Business', 'Books', '635.18', '40', '573'),
('101', 'Back', 'Toys & Games', '256.37', '85', '441'),
('102', 'Camera', 'Toys & Games', '601.61', '83', '806'),
('103', 'Such', 'Books', '415.65', '71', '439'),
('104', 'While', 'Toys & Games', '343.6', '71', '116'),
('105', 'Born', 'Toys & Games', '81.09', '99', '839'),
('106', 'Lay', 'Electronics', '535.81', '51', '270'),
('107', 'Light', 'Clothing', '703.32', '100', '326'),
('108', 'Population', 'Electronics', '484.45', '52', '423'),
('109', 'Yet', 'Toys & Games', '404.94', '37', '191'),
('110', 'Case', 'Clothing', '215.83', '11', '760'),
('111', 'Above', 'Books', '606.88', '13', '867'),
('112', 'Guess', 'Toys & Games', '688.23', '9', '510'),
('113', 'Property', 'Electronics', '440.86', '36', '651'),
('114', 'Find', 'Books', '603.72', '47', '276'),
('115', 'Produce', 'Clothing', '933.79', '95', '533'),
('116', 'Civil', 'Toys & Games', '21.98', '9', '223'),
('117', 'Last', 'Home & Garden', '782.99', '79', '511'),
('118', 'Long', 'Home & Garden', '476.02', '74', '74'),
('119', 'Practice', 'Home & Garden', '51.46', '97', '879'),
('120', 'Benefit', 'Toys & Games', '60.25', '28', '797'),
('121', 'Green', 'Home & Garden', '187.07', '51', '121'),
('122', 'Television', 'Books', '260.21', '35', '279'),
('123', 'Key', 'Clothing', '172.19', '2', '208'),
('124', 'Owner', 'Books', '151.28', '57', '960'),
('125', 'Hard', 'Clothing', '481.65', '56', '273'),
('126', 'Across', 'Books', '627.67', '83', '199'),
('127', 'Include', 'Clothing', '161.81', '31', '273'),
('128', 'Unit', 'Electronics', '691.84', '54', '20'),
('129', 'Upon', 'Books', '861.48', '22', '214'),
('130', 'Organization', 'Home & Garden', '54.66', '71', '259'),
('131', 'Feel', 'Clothing', '926.22', '81', '591'),
('132', 'Of', 'Toys & Games', '734.48', '17', '442'),
('133', 'Theory', 'Toys & Games', '366.86', '92', '782'),
('134', 'End', 'Clothing', '576.24', '93', '468'),
('135', 'House', 'Clothing', '296.44', '83', '175'),
('136', 'Receive', 'Clothing', '718.07', '5', '479'),
('137', 'Push', 'Electronics', '213.26', '92', '811'),
('138', 'Each', 'Clothing', '727.07', '60', '393'),
('139', 'Really', 'Books', '399.2', '27', '138'),
('140', 'Two', 'Toys & Games', '309.49', '72', '382'),
('141', 'Forget', 'Toys & Games', '970.2', '8', '503'),
('142', 'Despite', 'Toys & Games', '683.42', '46', '36'),
('143', 'Form', 'Books', '261.29', '34', '228'),
('144', 'Dinner', 'Books', '324.93', '98', '851'),
('145', 'Senior', 'Electronics', '563.58', '85', '270'),
('146', 'Happen', 'Home & Garden', '921.85', '90', '545'),
('147', 'Strategy', 'Books', '817.13', '99', '270'),
('148', 'Fast', 'Home & Garden', '73.32', '51', '198'),
('149', 'Determine', 'Home & Garden', '56.09', '92', '586'),
('150', 'Enjoy', 'Clothing', '442.43', '19', '882'),
('151', 'Look', 'Books', '999.2', '5', '525'),
('152', 'These', 'Books', '984.25', '54', '136'),
('153', 'Value', 'Toys & Games', '419.87', '40', '718'),
('154', 'Summer', 'Home & Garden', '355.11', '3', '95'),
('155', 'Single', 'Electronics', '182.79', '17', '560'),
('156', 'Say', 'Toys & Games', '592.18', '22', '835'),
('157', 'Born', 'Books', '308.74', '60', '850'),
('158', 'Special', 'Books', '244.27', '44', '147'),
('159', 'Let', 'Home & Garden', '710.76', '75', '483'),
('160', 'Different', 'Electronics', '411.83', '100', '761'),
('161', 'Military', 'Books', '186.4', '69', '449'),
('162', 'Mrs', 'Books', '312.57', '32', '201'),
('163', 'Section', 'Electronics', '188.5', '8', '75'),
('164', 'Since', 'Home & Garden', '906.88', '26', '853'),
('165', 'Fall', 'Books', '782.41', '47', '697'),
('166', 'Camera', 'Electronics', '391.92', '75', '899'),
('167', 'Speech', 'Home & Garden', '111.24', '38', '687'),
('168', 'Involve', 'Home & Garden', '387.63', '21', '31'),
('169', 'Scientist', 'Home & Garden', '148.88', '86', '836'),
('170', 'Involve', 'Electronics', '609.61', '28', '817'),
('171', 'Edge', 'Books', '172', '98', '681'),
('172', 'Which', 'Electronics', '785.17', '96', '913'),
('173', 'Set', 'Toys & Games', '277.97', '34', '991'),
('174', 'Husband', 'Home & Garden', '102.93', '1', '106'),
('175', 'Listen', 'Electronics', '110.25', '40', '642'),
('176', 'Add', 'Electronics', '454.55', '16', '298'),
('177', 'Have', 'Clothing', '750.14', '17', '631'),
('178', 'Institution', 'Toys & Games', '430.02', '96', '357'),
('179', 'Chance', 'Clothing', '528.84', '15', '900'),
('180', 'Peace', 'Books', '478.15', '87', '828'),
('181', 'Break', 'Books', '519.87', '35', '626'),
('182', 'Value', 'Books', '627.93', '78', '487'),
('183', 'Partner', 'Books', '777.42', '23', '520'),
('184', 'Suddenly', 'Electronics', '700.34', '97', '429'),
('185', 'Skin', 'Clothing', '374.06', '88', '838'),
('186', 'Area', 'Toys & Games', '921.47', '48', '269'),
('187', 'Hand', 'Toys & Games', '974.06', '61', '461'),
('188', 'No', 'Electronics', '358.16', '68', '47'),
('189', 'Minute', 'Electronics', '600.69', '32', '174'),
('190', 'Effort', 'Toys & Games', '73.14', '93', '575'),
('191', 'Tv', 'Toys & Games', '282.58', '55', '619'),
('192', 'Member', 'Toys & Games', '844.94', '99', '267'),
('193', 'Society', 'Clothing', '775.73', '98', '29'),
('194', 'Born', 'Home & Garden', '92.12', '87', '748'),
('195', 'Kitchen', 'Toys & Games', '234.61', '42', '581'),
('196', 'Mr', 'Electronics', '824.82', '76', '980'),
('197', 'Concern', 'Electronics', '340.11', '16', '635'),
('198', 'Physical', 'Home & Garden', '792.9', '68', '808'),
('199', 'Thousand', 'Electronics', '774.51', '36', '483'),
('200', 'Walk', 'Books', '154.7', '95', '524'),
('201', 'Sound', 'Books', '946.02', '12', '740'),
('202', 'Our', 'Toys & Games', '934.06', '84', '845'),
('203', 'Fill', 'Clothing', '725.72', '46', '678'),
('204', 'Up', 'Books', '730.63', '62', '923'),
('205', 'Take', 'Clothing', '224.75', '55', '383'),
('206', 'Speak', 'Home & Garden', '808.23', '52', '854'),
('207', 'News', 'Clothing', '137.14', '3', '354'),
('208', 'Doctor', 'Toys & Games', '656.24', '59', '402'),
('209', 'Pull', 'Clothing', '55.22', '68', '123'),
('210', 'Actually', 'Toys & Games', '11.67', '75', '906'),
('211', 'Camera', 'Clothing', '929.48', '3', '924'),
('212', 'Old', 'Home & Garden', '383.93', '30', '92'),
('213', 'Local', 'Home & Garden', '466.19', '20', '968'),
('214', 'Per', 'Toys & Games', '171.75', '6', '891'),
('215', 'Style', 'Electronics', '341.19', '100', '572'),
('216', 'Camera', 'Clothing', '664.74', '86', '365'),
('217', 'Minute', 'Home & Garden', '268.44', '32', '638'),
('218', 'Feel', 'Books', '321.49', '29', '878'),
('219', 'Agent', 'Clothing', '971.18', '70', '115'),
('220', 'Economic', 'Clothing', '632.06', '65', '61'),
('221', 'Indicate', 'Books', '492.52', '20', '737'),
('222', 'Move', 'Books', '506.75', '97', '204'),
('223', 'Involve', 'Clothing', '905.19', '21', '572'),
('224', 'Stop', 'Books', '706.38', '17', '562'),
('225', 'Debate', 'Toys & Games', '283.01', '75', '638'),
('226', 'Again', 'Clothing', '634.95', '86', '141'),
('227', 'Low', 'Home & Garden', '841.99', '73', '210'),
('228', 'Myself', 'Home & Garden', '510.54', '84', '148'),
('229', 'Include', 'Electronics', '553.7', '8', '866'),
('230', 'Over', 'Clothing', '291.39', '56', '134'),
('231', 'Smile', 'Clothing', '49.14', '1', '620'),
('232', 'Fill', 'Electronics', '469.29', '62', '388'),
('233', 'Add', 'Toys & Games', '947.84', '47', '192'),
('234', 'Know', 'Clothing', '940.87', '42', '478'),
('235', 'Own', 'Electronics', '793.92', '81', '115'),
('236', 'Image', 'Books', '235.08', '22', '184'),
('237', 'Color', 'Clothing', '695.37', '80', '66'),
('238', 'Wish', 'Toys & Games', '16.69', '34', '170'),
('239', 'Marriage', 'Toys & Games', '991.71', '8', '708'),
('240', 'Court', 'Home & Garden', '99.97', '47', '913'),
('241', 'Two', 'Home & Garden', '774.37', '38', '501'),
('242', 'Identify', 'Toys & Games', '205.17', '22', '694'),
('243', 'Sell', 'Books', '513.13', '81', '370'),
('244', 'Policy', 'Home & Garden', '853.14', '39', '120'),
('245', 'Finish', 'Electronics', '187.15', '82', '742'),
('246', 'Between', 'Electronics', '885.47', '81', '84'),
('247', 'Law', 'Books', '905.24', '65', '565'),
('248', 'Around', 'Electronics', '443.83', '54', '399'),
('249', 'Become', 'Books', '717.61', '72', '430'),
('250', 'Building', 'Electronics', '508.55', '46', '777'),
('251', 'Hold', 'Toys & Games', '427.24', '6', '655'),
('252', 'Hospital', 'Books', '931.66', '29', '365'),
('253', 'Arm', 'Books', '734.23', '36', '757'),
('254', 'Suddenly', 'Clothing', '505.73', '64', '484'),
('255', 'Authority', 'Electronics', '427.18', '83', '661'),
('256', 'West', 'Toys & Games', '955.57', '33', '529'),
('257', 'Appear', 'Books', '974.06', '5', '836'),
('258', 'Not', 'Home & Garden', '312.39', '86', '668'),
('259', 'Test', 'Home & Garden', '849.28', '72', '69'),
('260', 'Improve', 'Electronics', '652.49', '19', '958'),
('261', 'Together', 'Home & Garden', '422.51', '42', '993'),
('262', 'Attorney', 'Books', '642.89', '91', '421'),
('263', 'Sing', 'Electronics', '364.65', '59', '617'),
('264', 'Report', 'Toys & Games', '30.27', '46', '470'),
('265', 'Herself', 'Toys & Games', '538.07', '100', '676'),
('266', 'Prevent', 'Books', '34.52', '10', '220'),
('267', 'Help', 'Books', '544.49', '63', '398'),
('268', 'Ready', 'Electronics', '137.23', '51', '972'),
('269', 'Available', 'Electronics', '663.78', '86', '586'),
('270', 'Arrive', 'Clothing', '172.09', '21', '368'),
('271', 'Against', 'Home & Garden', '850.08', '78', '249'),
('272', 'Big', 'Home & Garden', '529.12', '83', '576'),
('273', 'Per', 'Electronics', '699.49', '45', '823'),
('274', 'Else', 'Electronics', '599.36', '25', '972'),
('275', 'Type', 'Toys & Games', '186.73', '23', '342'),
('276', 'Thank', 'Electronics', '813.37', '5', '307'),
('277', 'Enter', 'Books', '195.68', '99', '13'),
('278', 'Choose', 'Toys & Games', '161.31', '21', '930'),
('279', 'Program', 'Books', '965.39', '37', '382'),
('280', 'Himself', 'Home & Garden', '202.55', '42', '389'),
('281', 'Run', 'Home & Garden', '550.13', '19', '893'),
('282', 'Seem', 'Electronics', '423.86', '85', '840'),
('283', 'Leg', 'Clothing', '614.71', '63', '133'),
('284', 'Position', 'Toys & Games', '850.61', '92', '596'),
('285', 'Sell', 'Home & Garden', '677.21', '41', '447'),
('286', 'Religious', 'Clothing', '80.7', '80', '801'),
('287', 'Space', 'Toys & Games', '745.32', '89', '619'),
('288', 'Source', 'Toys & Games', '279.16', '60', '992'),
('289', 'His', 'Toys & Games', '896.13', '45', '171'),
('290', 'Involve', 'Clothing', '736.06', '90', '974'),
('291', 'Admit', 'Books', '36.92', '89', '229'),
('292', 'Prove', 'Toys & Games', '364.12', '47', '68'),
('293', 'List', 'Toys & Games', '768.72', '72', '441'),
('294', 'Day', 'Toys & Games', '647.82', '56', '995'),
('295', 'Term', 'Toys & Games', '260.79', '88', '806'),
('296', 'All', 'Electronics', '634.07', '64', '729'),
('297', 'Surface', 'Books', '511.79', '99', '670'),
('298', 'Resource', 'Toys & Games', '844.06', '51', '137'),
('299', 'Camera', 'Home & Garden', '303.24', '65', '681'),
('300', 'Administration', 'Electronics', '126.51', '60', '116'),
('301', 'Choose', 'Toys & Games', '526.88', '27', '314'),
('302', 'Poor', 'Electronics', '101.14', '41', '11'),
('303', 'Site', 'Books', '653.3', '70', '441'),
('304', 'Old', 'Electronics', '746.24', '48', '253'),
('305', 'Understand', 'Clothing', '147.41', '17', '52'),
('306', 'Carry', 'Electronics', '536.44', '37', '442'),
('307', 'Quite', 'Books', '107.72', '20', '210'),
('308', 'Share', 'Toys & Games', '65.25', '36', '86'),
('309', 'Budget', 'Clothing', '314.95', '95', '414'),
('310', 'Memory', 'Clothing', '74.85', '6', '161'),
('311', 'International', 'Toys & Games', '89', '53', '697'),
('312', 'Build', 'Toys & Games', '155.54', '1', '390'),
('313', 'Position', 'Electronics', '459.11', '75', '381'),
('314', 'Pass', 'Clothing', '119.72', '77', '592'),
('315', 'Light', 'Electronics', '631.67', '47', '848'),
('316', 'Thus', 'Books', '920.44', '24', '387'),
('317', 'Report', 'Clothing', '903.82', '43', '142'),
('318', 'Large', 'Clothing', '938.85', '71', '109'),
('319', 'Ever', 'Books', '542.32', '32', '133'),
('320', 'Detail', 'Electronics', '705.69', '70', '47'),
('321', 'Hard', 'Clothing', '85.42', '67', '137'),
('322', 'Drop', 'Books', '263.95', '30', '755'),
('323', 'Arrive', 'Toys & Games', '198.38', '14', '877'),
('324', 'Oil', 'Electronics', '218.42', '14', '777'),
('325', 'Above', 'Toys & Games', '318.67', '90', '713'),
('326', 'Protect', 'Electronics', '94.65', '66', '405'),
('327', 'New', 'Toys & Games', '187.52', '14', '515'),
('328', 'Fund', 'Toys & Games', '114.45', '91', '708'),
('329', 'Guess', 'Toys & Games', '217.3', '2', '348'),
('330', 'Even', 'Home & Garden', '171.53', '83', '350'),
('331', 'Style', 'Clothing', '962.76', '71', '464'),
('332', 'Cost', 'Toys & Games', '573.63', '62', '693'),
('333', 'Region', 'Electronics', '728.67', '41', '328'),
('334', 'Everybody', 'Toys & Games', '295.42', '44', '279'),
('335', 'Yeah', 'Clothing', '699.86', '3', '719'),
('336', 'Enough', 'Toys & Games', '777.6', '10', '971'),
('337', 'Management', 'Electronics', '144.89', '2', '734'),
('338', 'Throw', 'Home & Garden', '116.55', '92', '39'),
('339', 'Enough', 'Home & Garden', '791.94', '2', '210'),
('340', 'Provide', 'Clothing', '949.23', '8', '155'),
('341', 'System', 'Home & Garden', '465.67', '64', '488'),
('342', 'Turn', 'Toys & Games', '195.25', '66', '511'),
('343', 'Pick', 'Home & Garden', '900.59', '36', '226'),
('344', 'Need', 'Books', '700.73', '35', '718'),
('345', 'Strategy', 'Electronics', '210.39', '6', '845'),
('346', 'Others', 'Home & Garden', '559.67', '42', '465'),
('347', 'Story', 'Clothing', '693.68', '37', '143'),
('348', 'Foot', 'Home & Garden', '922.02', '17', '571'),
('349', 'Garden', 'Books', '578.42', '63', '481'),
('350', 'Purpose', 'Toys & Games', '445.58', '64', '324'),
('351', 'Cultural', 'Clothing', '783.99', '16', '869'),
('352', 'Would', 'Home & Garden', '26.48', '68', '480'),
('353', 'Individual', 'Books', '196.5', '99', '615'),
('354', 'May', 'Clothing', '60.76', '82', '908'),
('355', 'Support', 'Electronics', '240.22', '66', '405'),
('356', 'Cold', 'Toys & Games', '265.16', '62', '582'),
('357', 'Agree', 'Home & Garden', '309.71', '71', '916'),
('358', 'Physical', 'Home & Garden', '46.52', '98', '772'),
('359', 'Size', 'Toys & Games', '198.39', '34', '142'),
('360', 'Some', 'Home & Garden', '274.44', '96', '963'),
('361', 'Focus', 'Home & Garden', '902.38', '77', '247'),
('362', 'Government', 'Toys & Games', '247.76', '10', '982'),
('363', 'Bill', 'Toys & Games', '347.67', '61', '921'),
('364', 'Food', 'Home & Garden', '547.33', '26', '64'),
('365', 'Debate', 'Electronics', '880.47', '5', '663'),
('366', 'People', 'Clothing', '514.63', '52', '901'),
('367', 'Word', 'Toys & Games', '522.99', '97', '790'),
('368', 'Upon', 'Electronics', '115.68', '59', '275'),
('369', 'Article', 'Home & Garden', '869.93', '37', '91'),
('370', 'Husband', 'Home & Garden', '427.2', '82', '839'),
('371', 'Effort', 'Books', '250.5', '53', '10'),
('372', 'Position', 'Electronics', '698.65', '42', '961'),
('373', 'Cultural', 'Clothing', '432.91', '3', '968'),
('374', 'Suggest', 'Toys & Games', '146.55', '26', '952'),
('375', 'Common', 'Electronics', '526.89', '47', '326'),
('376', 'South', 'Clothing', '564.8', '70', '26'),
('377', 'Success', 'Clothing', '853.61', '94', '824'),
('378', 'You', 'Home & Garden', '824.6', '82', '361'),
('379', 'Enjoy', 'Home & Garden', '761.09', '66', '778'),
('380', 'Site', 'Electronics', '204.58', '13', '368'),
('381', 'Manage', 'Toys & Games', '135.3', '21', '425'),
('382', 'Ask', 'Books', '810.57', '35', '824'),
('383', 'Star', 'Clothing', '890.52', '74', '658'),
('384', 'North', 'Home & Garden', '317.52', '28', '403'),
('385', 'Its', 'Home & Garden', '874.79', '71', '968'),
('386', 'Body', 'Books', '34.59', '87', '279'),
('387', 'Could', 'Toys & Games', '419.14', '26', '285'),
('388', 'Should', 'Electronics', '563.91', '25', '940'),
('389', 'First', 'Home & Garden', '575.49', '56', '801'),
('390', 'Safe', 'Toys & Games', '180.83', '11', '535'),
('391', 'Senior', 'Home & Garden', '731.26', '79', '285'),
('392', 'Blood', 'Books', '378.29', '28', '732'),
('393', 'Phone', 'Electronics', '57.27', '100', '539'),
('394', 'Possible', 'Home & Garden', '300.85', '47', '14'),
('395', 'East', 'Clothing', '587.17', '88', '816'),
('396', 'Mind', 'Clothing', '660.81', '13', '354'),
('397', 'Serious', 'Clothing', '228.58', '41', '554'),
('398', 'Common', 'Toys & Games', '210.74', '92', '951'),
('399', 'History', 'Electronics', '309.61', '93', '737'),
('400', 'Old', 'Home & Garden', '365.46', '61', '59'),
('401', 'Yeah', 'Clothing', '572.3', '61', '919'),
('402', 'Wind', 'Electronics', '400.07', '50', '636'),
('403', 'Their', 'Home & Garden', '582.95', '46', '559'),
('404', 'Minute', 'Books', '669.36', '36', '415'),
('405', 'Glass', 'Home & Garden', '971.11', '62', '396'),
('406', 'Understand', 'Toys & Games', '117.11', '41', '399'),
('407', 'Art', 'Clothing', '645.78', '23', '279'),
('408', 'Per', 'Home & Garden', '416.01', '62', '731'),
('409', 'Down', 'Home & Garden', '46.98', '61', '830'),
('410', 'Work', 'Electronics', '82.93', '80', '79'),
('411', 'Grow', 'Toys & Games', '682.08', '31', '812'),
('412', 'Concern', 'Toys & Games', '278.35', '34', '509'),
('413', 'Difficult', 'Toys & Games', '796.76', '91', '775'),
('414', 'Including', 'Toys & Games', '189.37', '44', '737'),
('415', 'Office', 'Home & Garden', '466.06', '64', '919'),
('416', 'Both', 'Clothing', '12.1', '27', '923'),
('417', 'Election', 'Clothing', '437.14', '73', '337'),
('418', 'Put', 'Clothing', '707.14', '90', '91'),
('419', 'Face', 'Clothing', '254.88', '94', '750'),
('420', 'Man', 'Books', '629.49', '98', '796'),
('421', 'Fly', 'Home & Garden', '681.97', '93', '683'),
('422', 'Challenge', 'Electronics', '692.88', '65', '764'),
('423', 'Might', 'Home & Garden', '533.19', '74', '361'),
('424', 'Worker', 'Electronics', '416.48', '18', '176'),
('425', 'Size', 'Electronics', '792.17', '73', '83'),
('426', 'Dinner', 'Toys & Games', '690.15', '64', '988'),
('427', 'Song', 'Clothing', '834.31', '91', '78'),
('428', 'Since', 'Home & Garden', '962.68', '28', '794'),
('429', 'Everybody', 'Toys & Games', '741.9', '79', '853'),
('430', 'Score', 'Electronics', '277', '35', '198'),
('431', 'As', 'Clothing', '911.36', '99', '269'),
('432', 'Red', 'Home & Garden', '117.5', '46', '218'),
('433', 'Eat', 'Clothing', '985.11', '46', '39'),
('434', 'Themselves', 'Books', '403.35', '87', '49'),
('435', 'Bar', 'Clothing', '910.29', '81', '569'),
('436', 'Pressure', 'Books', '197.17', '13', '670'),
('437', 'Tend', 'Home & Garden', '591.53', '27', '863'),
('438', 'Score', 'Home & Garden', '882.52', '14', '236'),
('439', 'Follow', 'Clothing', '601.97', '7', '207'),
('440', 'Seven', 'Electronics', '745.47', '9', '713'),
('441', 'Ago', 'Home & Garden', '247.8', '45', '766'),
('442', 'Great', 'Home & Garden', '615.59', '25', '879'),
('443', 'Hospital', 'Toys & Games', '890.85', '32', '825'),
('444', 'Price', 'Books', '499.19', '99', '325'),
('445', 'Professional', 'Clothing', '382.91', '89', '671'),
('446', 'Interview', 'Electronics', '394.25', '20', '202'),
('447', 'Claim', 'Books', '128.42', '53', '691'),
('448', 'Throughout', 'Toys & Games', '378.47', '99', '539'),
('449', 'Accept', 'Home & Garden', '180.18', '62', '702'),
('450', 'Surface', 'Clothing', '114.21', '89', '542'),
('451', 'Think', 'Clothing', '330.72', '84', '457'),
('452', 'Usually', 'Clothing', '789.69', '36', '342'),
('453', 'City', 'Electronics', '535.76', '52', '701'),
('454', 'Watch', 'Toys & Games', '200.19', '52', '169'),
('455', 'Sell', 'Toys & Games', '961.48', '75', '632'),
('456', 'Turn', 'Books', '29.11', '53', '407'),
('457', 'Stop', 'Clothing', '58.72', '81', '849'),
('458', 'Table', 'Clothing', '763.93', '11', '604'),
('459', 'Drive', 'Clothing', '793.32', '24', '448'),
('460', 'Prepare', 'Clothing', '796.02', '31', '676'),
('461', 'Actually', 'Home & Garden', '328.7', '78', '460'),
('462', 'Fire', 'Clothing', '626.57', '78', '467'),
('463', 'Cell', 'Toys & Games', '493.62', '2', '314'),
('464', 'Process', 'Electronics', '968.91', '34', '979'),
('465', 'World', 'Home & Garden', '610.98', '77', '473'),
('466', 'Town', 'Electronics', '931.54', '74', '216'),
('467', 'City', 'Electronics', '935.24', '27', '19'),
('468', 'Official', 'Clothing', '957.23', '52', '141'),
('469', 'Pull', 'Home & Garden', '560.72', '55', '785'),
('470', 'Middle', 'Electronics', '218.15', '7', '268'),
('471', 'Large', 'Home & Garden', '301.55', '75', '929'),
('472', 'Hour', 'Books', '438.4', '2', '791'),
('473', 'Community', 'Electronics', '630.15', '72', '56'),
('474', 'Across', 'Electronics', '449.09', '98', '161'),
('475', 'Like', 'Books', '259.76', '92', '624'),
('476', 'Baby', 'Electronics', '523.99', '70', '506'),
('477', 'Material', 'Home & Garden', '328.39', '80', '862'),
('478', 'Entire', 'Clothing', '494.34', '46', '794'),
('479', 'Study', 'Clothing', '440.53', '61', '877'),
('480', 'Win', 'Home & Garden', '122.38', '52', '930'),
('481', 'War', 'Toys & Games', '827.8', '95', '919'),
('482', 'Hear', 'Books', '568.42', '21', '533'),
('483', 'Get', 'Clothing', '480.14', '1', '112'),
('484', 'Card', 'Electronics', '938.15', '4', '702'),
('485', 'Enjoy', 'Home & Garden', '141.47', '30', '665'),
('486', 'Its', 'Books', '677.46', '39', '27'),
('487', 'Decision', 'Clothing', '362.29', '11', '714'),
('488', 'Anyone', 'Home & Garden', '179.92', '28', '614'),
('489', 'What', 'Toys & Games', '20.47', '18', '302'),
('490', 'Seem', 'Electronics', '195.27', '70', '783'),
('491', 'Visit', 'Books', '185.75', '22', '276'),
('492', 'Down', 'Books', '770.06', '74', '306'),
('493', 'Garden', 'Books', '753.69', '73', '685'),
('494', 'Especially', 'Clothing', '265.59', '96', '289'),
('495', 'Woman', 'Electronics', '573.17', '75', '273'),
('496', 'Talk', 'Electronics', '178.18', '81', '679'),
('497', 'Maintain', 'Books', '68.74', '58', '838'),
('498', 'Soldier', 'Books', '94.68', '76', '460'),
('499', 'Beat', 'Toys & Games', '916.12', '45', '566'),
('500', 'Economic', 'Clothing', '610.81', '37', '534');




